"","background","gene1","gene2","rhomboid","rep","sex","individual","L2","L3","L4","L5","WL","genotype"
"1","Ore","Egfr","wt","rho","rep3","f","1",2.838,6.158,0.898,2.088,8.287,"Egfr.wt.rho"
"2","Ore","Egfr","wt","rho","rep3","f","2",2.742,6.209,1.317,2.192,8.361,"Egfr.wt.rho"
"3","Ore","Egfr","wt","rho","rep3","f","3",2.582,5.499,1.004,1.57,7.863,"Egfr.wt.rho"
"4","Ore","Egfr","wt","rho","rep3","f","4",2.663,4.969,1.545,2.023,7.392,"Egfr.wt.rho"
"5","Ore","Egfr","wt","rho","rep3","f","5",3.025,5.354,0.543,2.143,8.451,"Egfr.wt.rho"
"6","Ore","Egfr","wt","rho","rep3","f","6",3.095,5.657,0.812,1.908,8.27,"Egfr.wt.rho"
"7","Ore","Egfr","wt","rho","rep3","f","7",3.019,5.615,0.786,2.094,8.411,"Egfr.wt.rho"
"8","Ore","Egfr","wt","rho","rep3","f","8",2.739,5.541,1.969,1.769,7.31,"Egfr.wt.rho"
"9","Ore","Egfr","wt","rho","rep3","f","9",2.595,6.043,1.099,1.755,8.025,"Egfr.wt.rho"
"10","Ore","Egfr","wt","rho","rep3","f","10",2.721,5.935,1.241,2.045,7.912,"Egfr.wt.rho"
"11","Ore","Egfr","wt","rho","rep3","m","1",2.789,5.584,1.4,2.014,7.399,"Egfr.wt.rho"
"12","Ore","Egfr","wt","rho","rep3","m","2",2.687,5.626,1.792,1.908,7.518,"Egfr.wt.rho"
"13","Ore","Egfr","wt","rho","rep3","m","3",2.258,5.242,1.065,1.938,7.283,"Egfr.wt.rho"
"14","Ore","Egfr","wt","rho","rep3","m","4",2.856,5.475,0.706,1.904,7.689,"Egfr.wt.rho"
"15","Ore","Egfr","wt","rho","rep3","m","5",2.759,5.642,1.131,1.838,7.485,"Egfr.wt.rho"
"16","Ore","Egfr","wt","rho","rep3","m","6",2.281,5.366,2.325,1.707,7.073,"Egfr.wt.rho"
"17","Ore","Egfr","wt","rho","rep3","m","7",2.488,5.377,3.476,1.81,7.162,"Egfr.wt.rho"
"18","Ore","Egfr","wt","rho","rep3","m","8",2.624,5.753,1.578,1.922,7.677,"Egfr.wt.rho"
"19","Ore","Egfr","wt","rho","rep3","m","9",2.783,5.707,1.767,2.034,7.693,"Egfr.wt.rho"
"20","Ore","Egfr","wt","rho","rep3","m","10",2.573,5.409,1.165,1.858,7.276,"Egfr.wt.rho"
"21","Ore","Egfr","wt","rho","rep4","f","1",3.32,5.485,0.84,2.221,8.357,"Egfr.wt.rho"
"22","Ore","Egfr","wt","rho","rep4","f","2",2.956,5.627,0.496,2.079,8.588,"Egfr.wt.rho"
"23","Ore","Egfr","wt","rho","rep4","f","3",2.725,6.101,0.859,2.134,8.084,"Egfr.wt.rho"
"24","Ore","Egfr","wt","rho","rep4","f","4",2.749,4.982,4.041,1.473,7.406,"Egfr.wt.rho"
"25","Ore","Egfr","wt","rho","rep4","f","5",2.814,6.035,0.872,1.833,7.844,"Egfr.wt.rho"
"26","Ore","Egfr","wt","rho","rep4","f","6",2.858,5.496,0.754,2.068,8.243,"Egfr.wt.rho"
"27","Ore","Egfr","wt","rho","rep4","f","7",3.127,5.728,1.007,1.935,8.555,"Egfr.wt.rho"
"28","Ore","Egfr","wt","rho","rep4","f","8",2.932,5.092,0.716,1.639,8.256,"Egfr.wt.rho"
"29","Ore","Egfr","wt","rho","rep4","f","9",3.663,5.769,0.53,2.112,8.373,"Egfr.wt.rho"
"30","Ore","Egfr","wt","rho","rep4","f","10",2.834,5.43,1.156,2.086,8.313,"Egfr.wt.rho"
"31","Ore","Egfr","wt","rho","rep4","m","1",2.441,5.562,2.555,1.965,7.4,"Egfr.wt.rho"
"32","Ore","Egfr","wt","rho","rep4","m","2",2.712,5.782,0.978,1.839,7.643,"Egfr.wt.rho"
"33","Ore","Egfr","wt","rho","rep4","m","3",2.668,4.594,0.846,1.913,7.382,"Egfr.wt.rho"
"34","Ore","Egfr","wt","rho","rep4","m","4",2.437,5.443,1.388,1.911,7.18,"Egfr.wt.rho"
"35","Ore","Egfr","wt","rho","rep4","m","5",2.438,5.423,1.143,1.781,7.15,"Egfr.wt.rho"
"36","Ore","Egfr","wt","rho","rep4","m","6",2.503,5.101,0.965,1.952,7.6,"Egfr.wt.rho"
"37","Ore","Egfr","wt","rho","rep4","m","7",2.412,5.362,2.508,1.818,7.079,"Egfr.wt.rho"
"38","Ore","Egfr","wt","rho","rep4","m","8",2.147,4.975,2.06,1.661,6.604,"Egfr.wt.rho"
"39","Ore","Egfr","wt","rho","rep4","m","9",2.659,5.437,1.002,1.959,7.85,"Egfr.wt.rho"
"40","Ore","Egfr","wt","rho","rep4","m","10",2.784,5.362,0.782,2.007,7.952,"Egfr.wt.rho"
"41","Ore","wt","wt","rho","rep3","f","1",2.856,6.131,3.583,2.456,8.207,"wt.wt.rho"
"42","Ore","wt","wt","rho","rep3","f","2",2.666,5.82,3.676,2.145,7.786,"wt.wt.rho"
"43","Ore","wt","wt","rho","rep3","f","3",3.182,5.868,1.449,2.568,8.97,"wt.wt.rho"
"44","Ore","wt","wt","rho","rep3","f","4",3.137,5.75,3.594,2.084,7.745,"wt.wt.rho"
"45","Ore","wt","wt","rho","rep3","f","5",3.025,5.133,3.442,2.117,7.662,"wt.wt.rho"
"46","Ore","wt","wt","rho","rep3","f","6",2.949,5.483,3.267,2.39,8.287,"wt.wt.rho"
"47","Ore","wt","wt","rho","rep3","f","7",2.641,5.652,2.017,2.302,8.404,"wt.wt.rho"
"48","Ore","wt","wt","rho","rep3","f","8",2.62,5.792,3.629,2.179,7.833,"wt.wt.rho"
"49","Ore","wt","wt","rho","rep3","f","9",2.842,5.621,2.85,2.316,8.398,"wt.wt.rho"
"50","Ore","wt","wt","rho","rep3","f","10",2.893,5.504,2.856,2.206,8.032,"wt.wt.rho"
"51","Ore","wt","wt","rho","rep3","m","1",2.767,5.442,2.728,2.29,8.065,"wt.wt.rho"
"52","Ore","wt","wt","rho","rep3","m","2",2.601,4.882,3.451,1.854,7.038,"wt.wt.rho"
"53","Ore","wt","wt","rho","rep3","m","3",2.817,5.166,2.552,2.19,8.081,"wt.wt.rho"
"54","Ore","wt","wt","rho","rep3","m","4",2.345,5.381,2.814,1.927,7.161,"wt.wt.rho"
"55","Ore","wt","wt","rho","rep3","m","5",2.524,5.285,3.275,2.182,7.664,"wt.wt.rho"
"56","Ore","wt","wt","rho","rep3","m","6",2.617,4.942,3.273,2.104,7.593,"wt.wt.rho"
"57","Ore","wt","wt","rho","rep3","m","7",2.648,4.952,3.003,2.19,7.526,"wt.wt.rho"
"58","Ore","wt","wt","rho","rep3","m","8",2.383,4.766,3.622,1.918,6.823,"wt.wt.rho"
"59","Ore","wt","wt","rho","rep3","m","9",2.604,4.756,2.758,2.143,7.604,"wt.wt.rho"
"60","Ore","wt","wt","rho","rep3","m","10",2.275,5.417,3.888,1.952,7.246,"wt.wt.rho"
"61","Ore","wt","wt","rho","rep3b","f","1",2.769,5.738,1.743,2.26,8.533,"wt.wt.rho"
"62","Ore","wt","wt","rho","rep3b","f","2",2.819,5.44,1.466,2.057,8.252,"wt.wt.rho"
"63","Ore","wt","wt","rho","rep3b","f","3",3.495,5.742,1.608,2.424,8.783,"wt.wt.rho"
"64","Ore","wt","wt","rho","rep3b","f","4",3.065,5.937,2.832,2.157,8.436,"wt.wt.rho"
"65","Ore","wt","wt","rho","rep3b","f","5",3.228,5.851,2.084,2.438,8.668,"wt.wt.rho"
"66","Ore","wt","wt","rho","rep3b","f","6",2.715,6.111,1.655,2.242,8.544,"wt.wt.rho"
"67","Ore","wt","wt","rho","rep3b","f","7",3.016,6.161,3.532,2.452,8.298,"wt.wt.rho"
"68","Ore","wt","wt","rho","rep3b","f","8",2.733,5.442,2.017,2.24,7.968,"wt.wt.rho"
"69","Ore","wt","wt","rho","rep3b","f","9",2.739,5.789,1.648,2.581,8.643,"wt.wt.rho"
"70","Ore","wt","wt","rho","rep3b","f","10",3.317,5.508,1.995,2.4,8.382,"wt.wt.rho"
"71","Ore","wt","wt","rho","rep3b","m","1",2.249,4.857,2.781,1.972,7.246,"wt.wt.rho"
"72","Ore","wt","wt","rho","rep3b","m","2",2.264,4.833,3.482,1.956,7.165,"wt.wt.rho"
"73","Ore","wt","wt","rho","rep3b","m","3",2.94,5.161,3.164,2.142,7.603,"wt.wt.rho"
"74","Ore","wt","wt","rho","rep3b","m","4",2.492,4.8,3.152,2.04,7.35,"wt.wt.rho"
"75","Ore","wt","wt","rho","rep3b","m","5",2.306,4.728,3.816,2.029,7.148,"wt.wt.rho"
"76","Ore","wt","wt","rho","rep3b","m","6",2.58,5.038,3.104,2.161,7.657,"wt.wt.rho"
"77","Ore","wt","wt","rho","rep3b","m","7",2.622,5.084,2.15,2.062,7.793,"wt.wt.rho"
"78","Ore","wt","wt","rho","rep3b","m","8",2.116,5.105,3.301,1.977,7.277,"wt.wt.rho"
"79","Ore","wt","wt","rho","rep3b","m","9",2.355,5.029,2.863,2.156,7.81,"wt.wt.rho"
"80","Ore","wt","wt","rho","rep3b","m","10",2.422,5.279,2.928,2.173,7.908,"wt.wt.rho"
"81","Ore","wt","wt","rho","rep4","f","1",3.304,6.078,1.584,2.676,9.1,"wt.wt.rho"
"82","Ore","wt","wt","rho","rep4","f","2",3.141,6.053,2.046,2.415,8.784,"wt.wt.rho"
"83","Ore","wt","wt","rho","rep4","f","3",3.032,5.623,1.671,2.463,8.735,"wt.wt.rho"
"84","Ore","wt","wt","rho","rep4","f","4",2.933,5.85,2.96,2.409,8.67,"wt.wt.rho"
"85","Ore","wt","wt","rho","rep4","f","5",3.094,5.975,1.51,2.547,8.904,"wt.wt.rho"
"86","Ore","wt","wt","rho","rep4","f","6",3.079,5.699,2.054,2.434,8.721,"wt.wt.rho"
"87","Ore","wt","wt","rho","rep4","f","7",3.079,5.537,1.302,2.505,8.699,"wt.wt.rho"
"88","Ore","wt","wt","rho","rep4","f","8",3.293,5.595,2.249,1.956,8.458,"wt.wt.rho"
"89","Ore","wt","wt","rho","rep4","f","9",3.186,5.88,1.919,2.272,8.65,"wt.wt.rho"
"90","Ore","wt","wt","rho","rep4","f","10",3.106,5.515,1.924,2.458,8.44,"wt.wt.rho"
"91","Ore","wt","wt","rho","rep4","m","1",2.391,4.959,2.7,2.264,7.744,"wt.wt.rho"
"92","Ore","wt","wt","rho","rep4","m","2",2.999,5.518,3.385,2.225,8.026,"wt.wt.rho"
"93","Ore","wt","wt","rho","rep4","m","3",2.738,5.122,2.693,2.152,7.719,"wt.wt.rho"
"94","Ore","wt","wt","rho","rep4","m","4",2.519,5.825,2.225,2.047,7.787,"wt.wt.rho"
"95","Ore","wt","wt","rho","rep4","m","5",2.338,4.686,3.126,1.867,7.232,"wt.wt.rho"
"96","Ore","wt","wt","rho","rep4","m","6",2.37,5.3,2.319,2.217,7.833,"wt.wt.rho"
"97","Ore","wt","wt","rho","rep4","m","7",2.683,5.06,3.166,2.043,7.865,"wt.wt.rho"
"98","Ore","wt","wt","rho","rep4","m","8",2.584,4.752,3.145,2.255,7.575,"wt.wt.rho"
"99","Ore","wt","wt","rho","rep4","m","9",2.686,5.175,2.879,1.807,8.075,"wt.wt.rho"
"100","Ore","wt","wt","rho","rep4","m","10",2.574,5.082,2.662,2.014,7.527,"wt.wt.rho"
"101","Ore","wt","wt","rho","rep4b","f","1",3.769,6.537,1.527,2.644,9.366,"wt.wt.rho"
"102","Ore","wt","wt","rho","rep4b","f","2",3.476,6.279,1.664,2.429,8.911,"wt.wt.rho"
"103","Ore","wt","wt","rho","rep4b","f","3",2.92,5.787,1.931,2.452,8.531,"wt.wt.rho"
"104","Ore","wt","wt","rho","rep4b","f","4",3.251,6.057,2.053,2.493,9.228,"wt.wt.rho"
"105","Ore","wt","wt","rho","rep4b","f","5",3.023,5.827,1.699,2.516,8.718,"wt.wt.rho"
"106","Ore","wt","wt","rho","rep4b","f","6",2.551,5.096,3.429,2.119,7.337,"wt.wt.rho"
"107","Ore","wt","wt","rho","rep4b","f","7",2.901,5.236,3.231,2.105,7.481,"wt.wt.rho"
"108","Ore","wt","wt","rho","rep4b","f","8",4,6.126,1.509,2.521,9.015,"wt.wt.rho"
"109","Ore","wt","wt","rho","rep4b","f","9",3.08,5.605,2.917,2.375,8.222,"wt.wt.rho"
"110","Ore","wt","wt","rho","rep4b","f","10",3.107,4.843,3.417,2.111,7.496,"wt.wt.rho"
"111","Ore","wt","wt","rho","rep4b","m","1",2.852,5.463,2.52,2.396,8.174,"wt.wt.rho"
"112","Ore","wt","wt","rho","rep4b","m","2",2.773,5.516,3.589,2.29,8.178,"wt.wt.rho"
"113","Ore","wt","wt","rho","rep4b","m","3",2.803,5.257,2.649,2.18,7.868,"wt.wt.rho"
"114","Ore","wt","wt","rho","rep4b","m","4",2.89,5.521,3.21,2.412,8.401,"wt.wt.rho"
"115","Ore","wt","wt","rho","rep4b","m","5",2.92,5.431,1.693,2.177,7.896,"wt.wt.rho"
"116","Ore","wt","wt","rho","rep4b","m","6",2.587,5.578,1.935,2.209,8.216,"wt.wt.rho"
"117","Ore","wt","wt","rho","rep4b","m","7",2.697,5.422,3.029,2.263,8.046,"wt.wt.rho"
"118","Ore","wt","wt","rho","rep4b","m","8",2.854,5.635,3.209,2.171,8.075,"wt.wt.rho"
"119","Ore","wt","wt","rho","rep4b","m","9",2.816,5.754,3.309,2.448,8.268,"wt.wt.rho"
"120","Ore","wt","wt","rho","rep4b","m","10",2.532,5.324,3.458,1.886,7.13,"wt.wt.rho"
"121","Ore","Spi","wt","rho","rep3","f","1",2.922,5.607,3.573,2.246,7.905,"Spi.wt.rho"
"122","Ore","Spi","wt","rho","rep3","f","2",2.982,6.249,2.074,2.319,8.373,"Spi.wt.rho"
"123","Ore","Spi","wt","rho","rep3","f","3",3.388,6.597,1.675,2.512,8.825,"Spi.wt.rho"
"124","Ore","Spi","wt","rho","rep3","f","4",3.429,5.898,2.03,2.663,8.852,"Spi.wt.rho"
"125","Ore","Spi","wt","rho","rep3","f","5",3.354,5.243,1.608,2.32,7.91,"Spi.wt.rho"
"126","Ore","Spi","wt","rho","rep3","f","6",3.373,5.802,2.221,2.564,8.671,"Spi.wt.rho"
"127","Ore","Spi","wt","rho","rep3","f","7",3.286,6.173,1.342,2.484,8.761,"Spi.wt.rho"
"128","Ore","Spi","wt","rho","rep3","f","8",2.64,5.44,2.032,2.347,8.226,"Spi.wt.rho"
"129","Ore","Spi","wt","rho","rep3","f","9",2.84,5.494,2.821,2.249,8.074,"Spi.wt.rho"
"130","Ore","Spi","wt","rho","rep3","f","10",3.09,5.624,2.43,2.344,8.308,"Spi.wt.rho"
"131","Ore","Spi","wt","rho","rep3","m","1",2.438,5.503,3.302,2.093,7.296,"Spi.wt.rho"
"132","Ore","Spi","wt","rho","rep3","m","2",2.84,5.409,3.21,2.189,7.867,"Spi.wt.rho"
"133","Ore","Spi","wt","rho","rep3","m","3",2.515,5.845,2.948,2.423,7.85,"Spi.wt.rho"
"134","Ore","Spi","wt","rho","rep3","m","4",2.294,4.975,2.321,2.145,7.579,"Spi.wt.rho"
"135","Ore","Spi","wt","rho","rep3","m","5",2.349,4.713,2.118,2.087,7.358,"Spi.wt.rho"
"136","Ore","Spi","wt","rho","rep3","m","6",2.603,4.713,1.333,2.069,7.434,"Spi.wt.rho"
"137","Ore","Spi","wt","rho","rep3","m","7",2.557,5.125,4.012,2.086,7.578,"Spi.wt.rho"
"138","Ore","Spi","wt","rho","rep3","m","8",2.468,4.858,2.73,2.014,7.309,"Spi.wt.rho"
"139","Ore","Spi","wt","rho","rep3","m","9",2.651,5.398,2.75,2.432,8.106,"Spi.wt.rho"
"140","Ore","Spi","wt","rho","rep3","m","10",2.466,5.05,2.646,2.019,7.391,"Spi.wt.rho"
"141","Ore","Spi","wt","rho","rep4","f","1",2.941,5.864,4.102,2.284,7.855,"Spi.wt.rho"
"142","Ore","Spi","wt","rho","rep4","f","2",2.777,5.491,1.441,2.312,8.529,"Spi.wt.rho"
"143","Ore","Spi","wt","rho","rep4","f","3",3.772,5.67,1.596,2.362,8.49,"Spi.wt.rho"
"144","Ore","Spi","wt","rho","rep4","f","4",2.868,5.767,3.379,2.21,7.711,"Spi.wt.rho"
"145","Ore","Spi","wt","rho","rep4","f","5",2.689,5.434,1.935,2.218,8.059,"Spi.wt.rho"
"146","Ore","Spi","wt","rho","rep4","f","6",3.094,5.31,2.026,2.502,8.351,"Spi.wt.rho"
"147","Ore","Spi","wt","rho","rep4","f","7",2.83,5.805,3.353,2.174,7.717,"Spi.wt.rho"
"148","Ore","Spi","wt","rho","rep4","f","8",2.697,5.458,3.098,2.398,8.173,"Spi.wt.rho"
"149","Ore","Spi","wt","rho","rep4","f","9",3.024,5.292,1.601,2.353,8.313,"Spi.wt.rho"
"150","Ore","Spi","wt","rho","rep4","f","10",2.709,5.542,1.379,2.449,8.584,"Spi.wt.rho"
"151","Ore","Spi","wt","rho","rep4","m","1",2.466,4.842,3.877,2.091,7.254,"Spi.wt.rho"
"152","Ore","Spi","wt","rho","rep4","m","2",2.554,5.265,2.982,2.184,7.562,"Spi.wt.rho"
"153","Ore","Spi","wt","rho","rep4","m","3",2.378,4.721,3.012,1.971,7.136,"Spi.wt.rho"
"154","Ore","Spi","wt","rho","rep4","m","4",2.412,4.692,3.444,2.051,7.308,"Spi.wt.rho"
"155","Ore","Spi","wt","rho","rep4","m","5",2.449,5.009,1.793,1.948,7.372,"Spi.wt.rho"
"156","Ore","Spi","wt","rho","rep4","m","6",2.52,5.528,3.239,2.06,7.373,"Spi.wt.rho"
"157","Ore","Spi","wt","rho","rep4","m","7",2.787,5.033,2.106,1.866,7.651,"Spi.wt.rho"
"158","Ore","Spi","wt","rho","rep4","m","8",2.668,5.415,4.028,2.128,7.6,"Spi.wt.rho"
"159","Ore","Spi","wt","rho","rep4","m","10",2.596,5.127,3.212,2.077,7.523,"Spi.wt.rho"
"160","Ore","Bs","wt","rho","rep3","f","1",2.709,5.629,3.654,2.266,8.235,"Bs.wt.rho"
"161","Ore","Bs","wt","rho","rep3","f","2",3.262,5.528,2.119,2.423,8.415,"Bs.wt.rho"
"162","Ore","Bs","wt","rho","rep3","f","3",3.284,5.277,1.306,2.152,8.312,"Bs.wt.rho"
"163","Ore","Bs","wt","rho","rep3","f","4",2.545,5.515,2.068,2.262,8.019,"Bs.wt.rho"
"164","Ore","Bs","wt","rho","rep3","f","5",2.615,5.134,3.55,2.114,7.732,"Bs.wt.rho"
"165","Ore","Bs","wt","rho","rep3","f","6",3.037,5.892,2.192,2.233,8.613,"Bs.wt.rho"
"166","Ore","Bs","wt","rho","rep3","f","7",2.88,5.486,3.112,2.18,8.112,"Bs.wt.rho"
"167","Ore","Bs","wt","rho","rep3","f","8",2.832,5.778,2.976,2.146,8.399,"Bs.wt.rho"
"168","Ore","Bs","wt","rho","rep3","f","9",2.689,5.543,3.572,2.352,8.09,"Bs.wt.rho"
"169","Ore","Bs","wt","rho","rep3","f","10",2.75,5.559,1.95,2.065,8.442,"Bs.wt.rho"
"170","Ore","Bs","wt","rho","rep3","m","1",2.681,5.179,3.558,2.031,7.62,"Bs.wt.rho"
"171","Ore","Bs","wt","rho","rep3","m","2",2.329,4.81,2.955,1.961,7.355,"Bs.wt.rho"
"172","Ore","Bs","wt","rho","rep3","m","3",2.525,5.398,1.974,2.367,8.105,"Bs.wt.rho"
"173","Ore","Bs","wt","rho","rep3","m","4",2.614,5.434,2.451,2.029,8.097,"Bs.wt.rho"
"174","Ore","Bs","wt","rho","rep3","m","5",2.881,5.403,2.213,2.149,8.337,"Bs.wt.rho"
"175","Ore","Bs","wt","rho","rep3","m","6",2.764,5.048,2.691,2.265,7.865,"Bs.wt.rho"
"176","Ore","Bs","wt","rho","rep3","m","7",2.832,5.323,3.421,2.244,8.039,"Bs.wt.rho"
"177","Ore","Bs","wt","rho","rep3","m","8",2.392,4.819,2.518,2.053,7.352,"Bs.wt.rho"
"178","Ore","Bs","wt","rho","rep3","m","9",2.156,4.732,2.716,2.01,7.281,"Bs.wt.rho"
"179","Ore","Bs","wt","rho","rep3","m","10",2.493,5.296,2.032,2.06,7.933,"Bs.wt.rho"
"180","Ore","Bs","wt","rho","rep4","f","1",2.816,6.415,2.297,2.338,8.534,"Bs.wt.rho"
"181","Ore","Bs","wt","rho","rep4","f","2",2.887,5.603,1.7,2.043,8.656,"Bs.wt.rho"
"182","Ore","Bs","wt","rho","rep4","f","3",2.592,5.393,2.166,2.206,8.169,"Bs.wt.rho"
"183","Ore","Bs","wt","rho","rep4","f","4",2.626,5.377,2.001,2.138,7.792,"Bs.wt.rho"
"184","Ore","Bs","wt","rho","rep4","f","5",3.006,5.657,1.638,2.297,8.593,"Bs.wt.rho"
"185","Ore","Bs","wt","rho","rep4","f","6",4.001,5.258,0.88,2.175,8.438,"Bs.wt.rho"
"186","Ore","Bs","wt","rho","rep4","f","7",3.266,5.231,2.337,2.208,8.034,"Bs.wt.rho"
"187","Ore","Bs","wt","rho","rep4","f","8",2.571,4.844,2.067,2.155,7.523,"Bs.wt.rho"
"188","Ore","Bs","wt","rho","rep4","f","9",2.528,5.37,3.639,2.119,7.984,"Bs.wt.rho"
"189","Ore","Bs","wt","rho","rep4","f","10",2.625,5.177,2.096,2.124,8.093,"Bs.wt.rho"
"190","Ore","Bs","wt","rho","rep4","m","1",2.419,5.463,1.956,2.138,8.131,"Bs.wt.rho"
"191","Ore","Bs","wt","rho","rep4","m","2",2.376,4.906,2.741,2.197,7.463,"Bs.wt.rho"
"192","Ore","Bs","wt","rho","rep4","m","3",2.298,4.943,1.618,2.065,7.562,"Bs.wt.rho"
"193","Ore","Bs","wt","rho","rep4","m","4",2.541,5.067,2.552,2.366,7.953,"Bs.wt.rho"
"194","Ore","Bs","wt","rho","rep4","m","5",2.687,5.18,2.172,2.221,8.219,"Bs.wt.rho"
"195","Ore","Bs","wt","rho","rep4","m","6",2.231,4.656,3.034,2.028,7.033,"Bs.wt.rho"
"196","Ore","Bs","wt","rho","rep4","m","7",2.566,5.026,2.568,2.194,7.836,"Bs.wt.rho"
"197","Ore","Bs","wt","rho","rep4","m","8",2.245,4.93,2.732,2.041,7.398,"Bs.wt.rho"
"198","Ore","Bs","wt","rho","rep4","m","9",2.666,5.327,2.609,1.862,8.191,"Bs.wt.rho"
"199","Ore","Bs","wt","rho","rep4","m","10",3.118,4.91,1.942,2.107,7.854,"Bs.wt.rho"
"200","Ore","S","wt","rho","rep3","f","1",3.466,5.496,1.322,2.26,8.297,"S.wt.rho"
"201","Ore","S","wt","rho","rep3","f","2",2.774,5.76,2.833,2.274,8.38,"S.wt.rho"
"202","Ore","S","wt","rho","rep3","f","3",2.881,5.606,2.12,2.259,8.274,"S.wt.rho"
"203","Ore","S","wt","rho","rep3","f","4",3.466,6.704,3.34,2.619,8.928,"S.wt.rho"
"204","Ore","S","wt","rho","rep3","f","5",2.569,5.868,2.083,2.221,8.198,"S.wt.rho"
"205","Ore","S","wt","rho","rep3","f","6",3.171,6.009,2.719,2.513,8.767,"S.wt.rho"
"206","Ore","S","wt","rho","rep3","f","7",2.76,5.83,1.547,2.443,8.729,"S.wt.rho"
"207","Ore","S","wt","rho","rep3","f","8",2.32,5.896,3.032,2.29,7.848,"S.wt.rho"
"208","Ore","S","wt","rho","rep3","f","9",2.896,5.636,2.05,2.212,8.733,"S.wt.rho"
"209","Ore","S","wt","rho","rep3","f","10",2.854,5.768,2.271,2.27,8.443,"S.wt.rho"
"210","Ore","S","wt","rho","rep3","m","1",2.686,5.172,3.252,2.243,7.774,"S.wt.rho"
"211","Ore","S","wt","rho","rep3","m","2",2.943,4.972,3.3,2.054,7.509,"S.wt.rho"
"212","Ore","S","wt","rho","rep3","m","3",2.271,4.91,3.484,2.069,7.359,"S.wt.rho"
"213","Ore","S","wt","rho","rep3","m","4",2.503,4.832,3.179,2.225,7.401,"S.wt.rho"
"214","Ore","S","wt","rho","rep3","m","5",2.396,4.888,3.339,2.212,7.59,"S.wt.rho"
"215","Ore","S","wt","rho","rep3","m","6",2.489,4.686,1.49,2.115,7.472,"S.wt.rho"
"216","Ore","S","wt","rho","rep3","m","7",2.247,4.626,3.021,1.898,6.903,"S.wt.rho"
"217","Ore","S","wt","rho","rep3","m","8",2.713,5.304,2.409,2.177,7.82,"S.wt.rho"
"218","Ore","S","wt","rho","rep3","m","9",2.474,5.121,2.836,2.209,7.637,"S.wt.rho"
"219","Ore","S","wt","rho","rep3","m","10",2.373,5.662,3.395,2.209,7.505,"S.wt.rho"
"220","Ore","S","wt","rho","rep4","f","1",2.646,5.915,2.648,2.424,8.533,"S.wt.rho"
"221","Ore","S","wt","rho","rep4","f","2",2.472,5.167,2.997,2.106,7.876,"S.wt.rho"
"222","Ore","S","wt","rho","rep4","f","3",2.665,5.504,1.992,2.23,8.147,"S.wt.rho"
"223","Ore","S","wt","rho","rep4","f","4",2.796,5.792,1.472,2.35,8.73,"S.wt.rho"
"224","Ore","S","wt","rho","rep4","f","5",2.732,5.677,2.385,2.379,8.152,"S.wt.rho"
"225","Ore","S","wt","rho","rep4","f","6",2.469,5.805,3.296,2.085,7.773,"S.wt.rho"
"226","Ore","S","wt","rho","rep4","f","7",2.532,5.676,1.967,2.263,8.62,"S.wt.rho"
"227","Ore","S","wt","rho","rep4","f","8",3.004,6.054,1.397,2.045,8.749,"S.wt.rho"
"228","Ore","S","wt","rho","rep4","f","9",3.471,4.983,2.678,2.257,7.695,"S.wt.rho"
"229","Ore","S","wt","rho","rep4","f","10",2.744,5.438,2.855,2.277,8.414,"S.wt.rho"
"230","Ore","S","wt","rho","rep4","m","1",2.72,4.816,2.974,2.15,7.791,"S.wt.rho"
"231","Ore","S","wt","rho","rep4","m","2",2.514,5.122,1.989,1.394,7.938,"S.wt.rho"
"232","Ore","S","wt","rho","rep4","m","3",2.699,5.335,3.378,2.052,7.105,"S.wt.rho"
"233","Ore","S","wt","rho","rep4","m","4",2.295,5.386,3.772,1.996,7.173,"S.wt.rho"
"234","Ore","S","wt","rho","rep4","m","5",2.302,4.922,1.89,2.211,7.708,"S.wt.rho"
"235","Ore","S","wt","rho","rep4","m","6",2.124,5.25,3.788,1.871,6.911,"S.wt.rho"
"236","Ore","S","wt","rho","rep4","m","7",2.519,4.937,3.535,1.704,7.333,"S.wt.rho"
"237","Ore","S","wt","rho","rep4","m","8",2.463,4.943,3.598,1.537,7.316,"S.wt.rho"
"238","Ore","S","wt","rho","rep4","m","9",2.385,5.128,2.176,2.213,7.776,"S.wt.rho"
"239","Ore","S","wt","rho","rep4","m","10",2.498,5.026,2.774,2.21,7.892,"S.wt.rho"
"240","Ore","Aos","wt","rho","rep3","f","1",3.048,6.242,2.525,2.382,8.412,"Aos.wt.rho"
"241","Ore","Aos","wt","rho","rep3","f","2",3.432,6.419,1.854,2.364,8.602,"Aos.wt.rho"
"242","Ore","Aos","wt","rho","rep3","f","3",3.44,6.536,1.346,2.573,8.797,"Aos.wt.rho"
"243","Ore","Aos","wt","rho","rep3","f","4",3.086,5.856,1.515,2.416,8.617,"Aos.wt.rho"
"244","Ore","Aos","wt","rho","rep3","f","5",3.339,6.126,3.274,2.319,8.174,"Aos.wt.rho"
"245","Ore","Aos","wt","rho","rep3","f","6",4.36,6.053,2.005,2.538,9.008,"Aos.wt.rho"
"246","Ore","Aos","wt","rho","rep3","f","7",3.106,6.323,4.567,2.406,8.546,"Aos.wt.rho"
"247","Ore","Aos","wt","rho","rep3","f","8",3.334,6.283,1.764,2.511,9.295,"Aos.wt.rho"
"248","Ore","Aos","wt","rho","rep3","f","9",4.379,5.589,1.479,2.562,8.964,"Aos.wt.rho"
"249","Ore","Aos","wt","rho","rep3","f","10",3.086,5.971,2.912,2.454,8.634,"Aos.wt.rho"
"250","Ore","Aos","wt","rho","rep3","m","1",2.837,5.627,3.488,2.21,7.881,"Aos.wt.rho"
"251","Ore","Aos","wt","rho","rep3","m","2",3.086,6.082,3.448,2.383,8.138,"Aos.wt.rho"
"252","Ore","Aos","wt","rho","rep3","m","3",2.768,5.775,4.085,2.09,7.722,"Aos.wt.rho"
"253","Ore","Aos","wt","rho","rep3","m","4",2.54,5.567,4.093,2.13,7.492,"Aos.wt.rho"
"254","Ore","Aos","wt","rho","rep3","m","5",3.012,5.67,4.133,2.104,7.583,"Aos.wt.rho"
"255","Ore","Aos","wt","rho","rep3","m","6",2.746,5.539,3.394,1.988,7.34,"Aos.wt.rho"
"256","Ore","Aos","wt","rho","rep3","m","7",3.139,5.296,2.291,2.176,7.721,"Aos.wt.rho"
"257","Ore","Aos","wt","rho","rep3","m","8",2.974,5.576,3.761,2.275,8.139,"Aos.wt.rho"
"258","Ore","Aos","wt","rho","rep3","m","9",2.727,5.263,1.628,2.215,7.936,"Aos.wt.rho"
"259","Ore","Aos","wt","rho","rep3","m","10",2.877,5.808,4.159,2.182,7.808,"Aos.wt.rho"
"260","Ore","Aos","wt","rho","rep4","f","1",3.513,6.329,4.494,2.316,8.506,"Aos.wt.rho"
"261","Ore","Aos","wt","rho","rep4","f","2",3.075,6.216,4.588,2.276,8.354,"Aos.wt.rho"
"262","Ore","Aos","wt","rho","rep4","f","3",3.445,5.86,4.257,2.179,7.877,"Aos.wt.rho"
"263","Ore","Aos","wt","rho","rep4","f","4",2.902,5.966,4.358,2.141,8.005,"Aos.wt.rho"
"264","Ore","Aos","wt","rho","rep4","f","5",2.977,5.892,4.239,2.056,7.88,"Aos.wt.rho"
"265","Ore","Aos","wt","rho","rep4","f","6",3.308,5.817,3.314,2.203,7.838,"Aos.wt.rho"
"266","Ore","Aos","wt","rho","rep4","f","7",3.243,5.894,2.08,2.235,8.815,"Aos.wt.rho"
"267","Ore","Aos","wt","rho","rep4","f","8",3.101,6.38,2.072,2.429,8.599,"Aos.wt.rho"
"268","Ore","Aos","wt","rho","rep4","f","9",2.964,6.036,3.72,2.186,8.132,"Aos.wt.rho"
"269","Ore","Aos","wt","rho","rep4","f","10",3.003,6.235,3.523,2.178,8.393,"Aos.wt.rho"
"270","Ore","Aos","wt","rho","rep4","m","1",2.575,5.452,3.881,2.169,7.296,"Aos.wt.rho"
"271","Ore","Aos","wt","rho","rep4","m","2",2.782,5.667,3.567,2.084,7.515,"Aos.wt.rho"
"272","Ore","Aos","wt","rho","rep4","m","3",2.72,5.311,2.866,2.087,7.741,"Aos.wt.rho"
"273","Ore","Aos","wt","rho","rep4","m","4",2.775,5.481,3.939,1.96,7.285,"Aos.wt.rho"
"274","Ore","Aos","wt","rho","rep4","m","5",3.168,5.679,4.035,2.123,7.599,"Aos.wt.rho"
"275","Ore","Aos","wt","rho","rep4","m","6",2.537,5.731,3.606,2.224,7.613,"Aos.wt.rho"
"276","Ore","Aos","wt","rho","rep4","m","7",2.377,5.509,4.001,2.046,7.385,"Aos.wt.rho"
"277","Ore","Aos","wt","rho","rep4","m","8",2.574,5.487,3.884,2.018,7.307,"Aos.wt.rho"
"278","Ore","Aos","wt","rho","rep4","m","9",2.653,4.958,3.434,2.097,7.355,"Aos.wt.rho"
"279","Ore","Aos","wt","rho","rep4","m","10",2.403,5.523,3.98,2.019,7.354,"Aos.wt.rho"
"280","Ore","Bs","Spi","rho","rep3","f","1",3.057,5.526,1.587,2.16,8.637,"Bs.Spi.rho"
"281","Ore","Bs","Spi","rho","rep3","f","2",3.228,5.907,1.627,2.514,8.403,"Bs.Spi.rho"
"282","Ore","Bs","Spi","rho","rep3","f","3",2.84,5.383,1.934,2.425,8.359,"Bs.Spi.rho"
"283","Ore","Bs","Spi","rho","rep3","f","4",2.665,5.705,2.556,2.197,7.638,"Bs.Spi.rho"
"284","Ore","Bs","Spi","rho","rep3","f","5",2.967,5.818,1.381,1.927,8.602,"Bs.Spi.rho"
"285","Ore","Bs","Spi","rho","rep3","f","6",2.6,6.223,2.028,2.027,8.249,"Bs.Spi.rho"
"286","Ore","Bs","Spi","rho","rep3","f","7",2.994,6.069,1.444,2.372,8.87,"Bs.Spi.rho"
"287","Ore","Bs","Spi","rho","rep3","f","8",2.882,6.195,1.967,2.157,8.22,"Bs.Spi.rho"
"288","Ore","Bs","Spi","rho","rep3","f","9",3.472,5.848,1.52,2.294,8.854,"Bs.Spi.rho"
"289","Ore","Bs","Spi","rho","rep3","f","10",2.737,6.187,3.04,2.326,8.255,"Bs.Spi.rho"
"290","Ore","Bs","Spi","rho","rep3","m","1",2.315,4.853,3.387,2.051,7.083,"Bs.Spi.rho"
"291","Ore","Bs","Spi","rho","rep3","m","2",2.571,5.435,2.575,2.267,7.836,"Bs.Spi.rho"
"292","Ore","Bs","Spi","rho","rep3","m","3",2.473,5.055,1.446,2.249,7.719,"Bs.Spi.rho"
"293","Ore","Bs","Spi","rho","rep3","m","4",2.337,4.954,1.482,2.155,7.436,"Bs.Spi.rho"
"294","Ore","Bs","Spi","rho","rep3","m","5",2.438,5.126,2.248,2.094,7.67,"Bs.Spi.rho"
"295","Ore","Bs","Spi","rho","rep3","m","6",2.572,4.883,1.878,2.272,7.718,"Bs.Spi.rho"
"296","Ore","Bs","Spi","rho","rep3","m","7",2.411,4.782,2.993,2.082,7.068,"Bs.Spi.rho"
"297","Ore","Bs","Spi","rho","rep3","m","8",2.197,4.803,2.599,1.876,7.492,"Bs.Spi.rho"
"298","Ore","Bs","Spi","rho","rep3","m","9",2.164,4.798,1.812,2.058,7.513,"Bs.Spi.rho"
"299","Ore","Bs","Spi","rho","rep3","m","10",2.54,5.407,1.753,2.295,8.24,"Bs.Spi.rho"
"300","Ore","Bs","Spi","rho","rep4","f","1",3.096,6.155,2.193,2.543,8.867,"Bs.Spi.rho"
"301","Ore","Bs","Spi","rho","rep4","f","2",2.881,5.43,1.348,2.171,8.17,"Bs.Spi.rho"
"302","Ore","Bs","Spi","rho","rep4","f","3",2.838,6.329,2.679,2.217,8.369,"Bs.Spi.rho"
"303","Ore","Bs","Spi","rho","rep4","f","4",3.072,5.217,1.489,2.3,8.232,"Bs.Spi.rho"
"304","Ore","Bs","Spi","rho","rep4","f","5",3.337,5.997,2.261,2.503,8.814,"Bs.Spi.rho"
"305","Ore","Bs","Spi","rho","rep4","f","6",2.743,5.222,1.548,2.262,7.981,"Bs.Spi.rho"
"306","Ore","Bs","Spi","rho","rep4","f","7",3.152,5.404,1.692,2.419,8.278,"Bs.Spi.rho"
"307","Ore","Bs","Spi","rho","rep4","f","8",2.779,5.596,1.652,2.287,8.289,"Bs.Spi.rho"
"308","Ore","Bs","Spi","rho","rep4","f","9",2.71,5.55,2.171,2.125,8.392,"Bs.Spi.rho"
"309","Ore","Bs","Spi","rho","rep4","f","10",3.054,5.626,2.384,2.329,8.099,"Bs.Spi.rho"
"310","Ore","Bs","Spi","rho","rep4","m","1",2.39,4.747,1.779,1.955,7.115,"Bs.Spi.rho"
"311","Ore","Bs","Spi","rho","rep4","m","2",2.378,4.982,2.251,2.059,7.429,"Bs.Spi.rho"
"312","Ore","Bs","Spi","rho","rep4","m","3",2.441,5.78,3.315,2.205,7.737,"Bs.Spi.rho"
"313","Ore","Bs","Spi","rho","rep4","m","4",2.61,5.136,2.308,2.208,7.644,"Bs.Spi.rho"
"314","Ore","Bs","Spi","rho","rep4","m","5",2.276,5.114,1.873,2.12,7.335,"Bs.Spi.rho"
"315","Ore","Bs","Spi","rho","rep4","m","6",2.737,5.377,2.406,2.199,7.857,"Bs.Spi.rho"
"316","Ore","Bs","Spi","rho","rep4","m","7",2.743,5.212,2.325,2.155,7.572,"Bs.Spi.rho"
"317","Ore","Bs","Spi","rho","rep4","m","8",2.292,4.719,2.023,2.181,7.483,"Bs.Spi.rho"
"318","Ore","Bs","Spi","rho","rep4","m","9",2.493,5.119,2.991,2.079,7.64,"Bs.Spi.rho"
"319","Ore","Bs","Spi","rho","rep4","m","10",2.243,4.412,1.472,2.049,7.163,"Bs.Spi.rho"
"320","Ore","Egfr","Bs","rho","rep3","f","1",3.066,5.953,1.22,2.255,8.931,"Egfr.Bs.rho"
"321","Ore","Egfr","Bs","rho","rep3","f","2",2.658,5.942,2.807,2.143,8.642,"Egfr.Bs.rho"
"322","Ore","Egfr","Bs","rho","rep3","f","3",2.662,5.896,0.999,2.001,7.833,"Egfr.Bs.rho"
"323","Ore","Egfr","Bs","rho","rep3","f","4",3.23,5.606,0.644,1.89,8.339,"Egfr.Bs.rho"
"324","Ore","Egfr","Bs","rho","rep3","f","5",2.846,5.881,0.811,1.969,8.524,"Egfr.Bs.rho"
"325","Ore","Egfr","Bs","rho","rep3","f","6",2.583,5.639,0.924,2.025,8.239,"Egfr.Bs.rho"
"326","Ore","Egfr","Bs","rho","rep3","f","7",2.384,4.549,0.486,1.405,7.559,"Egfr.Bs.rho"
"327","Ore","Egfr","Bs","rho","rep3","f","8",2.85,5.346,0.787,2.013,8.256,"Egfr.Bs.rho"
"328","Ore","Egfr","Bs","rho","rep3","f","9",3.105,5.968,1.079,1.944,8.872,"Egfr.Bs.rho"
"329","Ore","Egfr","Bs","rho","rep3","f","10",2.62,5.608,0.747,1.944,8.276,"Egfr.Bs.rho"
"330","Ore","Egfr","Bs","rho","rep3","m","1",2.325,4.938,0.849,1.881,7.282,"Egfr.Bs.rho"
"331","Ore","Egfr","Bs","rho","rep3","m","2",2.147,5.335,1.043,1.858,7.089,"Egfr.Bs.rho"
"332","Ore","Egfr","Bs","rho","rep3","m","3",2.483,5.793,1.163,1.792,7.662,"Egfr.Bs.rho"
"333","Ore","Egfr","Bs","rho","rep3","m","4",2.077,5.457,1.041,1.787,7.218,"Egfr.Bs.rho"
"334","Ore","Egfr","Bs","rho","rep3","m","5",2.546,5.1,0.877,1.971,7.959,"Egfr.Bs.rho"
"335","Ore","Egfr","Bs","rho","rep3","m","6",2.321,4.87,0.864,2.153,7.732,"Egfr.Bs.rho"
"336","Ore","Egfr","Bs","rho","rep3","m","7",2.225,4.901,0.902,1.75,7.05,"Egfr.Bs.rho"
"337","Ore","Egfr","Bs","rho","rep3","m","8",2.172,5.084,1.074,1.68,7.268,"Egfr.Bs.rho"
"338","Ore","Egfr","Bs","rho","rep3","m","9",2.341,5.114,1.706,1.46,7.284,"Egfr.Bs.rho"
"339","Ore","Egfr","Bs","rho","rep3","m","10",2.004,4.96,1.061,1.899,7.354,"Egfr.Bs.rho"
"340","Ore","Egfr","Bs","rho","rep4","f","1",2.969,6.789,0.842,2.22,8.967,"Egfr.Bs.rho"
"341","Ore","Egfr","Bs","rho","rep4","f","2",2.559,5.545,0.479,2.182,8.318,"Egfr.Bs.rho"
"342","Ore","Egfr","Bs","rho","rep4","f","3",2.34,5.075,1.069,1.885,7.618,"Egfr.Bs.rho"
"343","Ore","Egfr","Bs","rho","rep4","f","4",3.112,6.552,0.993,2.34,8.716,"Egfr.Bs.rho"
"344","Ore","Egfr","Bs","rho","rep4","f","5",2.782,6.011,1.077,2.044,7.911,"Egfr.Bs.rho"
"345","Ore","Egfr","Bs","rho","rep4","f","6",2.943,6.357,0.775,1.58,8.332,"Egfr.Bs.rho"
"346","Ore","Egfr","Bs","rho","rep4","f","7",2.623,6.052,0.906,2.086,7.923,"Egfr.Bs.rho"
"347","Ore","Egfr","Bs","rho","rep4","f","8",2.577,6.228,0.977,2.025,8.256,"Egfr.Bs.rho"
"348","Ore","Egfr","Bs","rho","rep4","f","9",2.772,5.171,0.789,1.964,7.904,"Egfr.Bs.rho"
"349","Ore","Egfr","Bs","rho","rep4","f","10",3.634,6.743,0.586,2.303,9.005,"Egfr.Bs.rho"
"350","Ore","Egfr","Bs","rho","rep4","m","1",2.876,5.457,0.893,2.012,7.884,"Egfr.Bs.rho"
"351","Ore","Egfr","Bs","rho","rep4","m","2",2.607,6.027,0.646,2.082,7.863,"Egfr.Bs.rho"
"352","Ore","Egfr","Bs","rho","rep4","m","3",2.73,5.327,0.919,1.992,8.021,"Egfr.Bs.rho"
"353","Ore","Egfr","Bs","rho","rep4","m","4",2.506,4.98,0.869,1.619,7.803,"Egfr.Bs.rho"
"354","Ore","Egfr","Bs","rho","rep4","m","5",2.409,4.471,0.915,1.79,7.586,"Egfr.Bs.rho"
"355","Ore","Egfr","Bs","rho","rep4","m","6",2.756,6,0.947,1.935,7.913,"Egfr.Bs.rho"
"356","Ore","Egfr","Bs","rho","rep4","m","7",2.511,4.789,0.737,1.479,7.174,"Egfr.Bs.rho"
"357","Ore","Egfr","Bs","rho","rep4","m","8",2.232,4.821,1.879,1.846,7.141,"Egfr.Bs.rho"
"358","Ore","Egfr","Bs","rho","rep4","m","9",2.241,5.039,0.831,1.877,7.491,"Egfr.Bs.rho"
"359","Ore","Egfr","Bs","rho","rep4","m","10",2.393,4.768,0.823,2.105,7.179,"Egfr.Bs.rho"
"360","Ore","Egfr","S","rho","rep3","f","1",3.229,6.392,0.63,2.207,8.436,"Egfr.S.rho"
"361","Ore","Egfr","S","rho","rep3","f","2",3.209,6.309,0.759,2.067,8.34,"Egfr.S.rho"
"362","Ore","Egfr","S","rho","rep3","f","3",3.218,5.332,0.54,2.031,8.308,"Egfr.S.rho"
"363","Ore","Egfr","S","rho","rep3","f","4",2.48,5.085,0.887,1.978,7.583,"Egfr.S.rho"
"364","Ore","Egfr","S","rho","rep3","f","5",2.895,6.309,0.831,2.262,8.449,"Egfr.S.rho"
"365","Ore","Egfr","S","rho","rep3","f","6",2.498,5.893,0.955,1.938,7.793,"Egfr.S.rho"
"366","Ore","Egfr","S","rho","rep3","f","7",3.155,5.503,0.418,2.069,8.558,"Egfr.S.rho"
"367","Ore","Egfr","S","rho","rep3","f","8",2.57,6.018,1.206,2.142,7.957,"Egfr.S.rho"
"368","Ore","Egfr","S","rho","rep3","f","9",2.667,5.895,0.997,2.012,7.783,"Egfr.S.rho"
"369","Ore","Egfr","S","rho","rep3","f","10",3.088,6.199,1.077,2.017,8.187,"Egfr.S.rho"
"370","Ore","Egfr","S","rho","rep3","m","1",2.37,5.564,0.983,2.003,7.335,"Egfr.S.rho"
"371","Ore","Egfr","S","rho","rep3","m","2",2.359,4.845,1.456,1.863,7.073,"Egfr.S.rho"
"372","Ore","Egfr","S","rho","rep3","m","3",2.105,4.973,0.786,1.951,7.343,"Egfr.S.rho"
"373","Ore","Egfr","S","rho","rep3","m","4",2.519,5.698,1.164,1.865,7.548,"Egfr.S.rho"
"374","Ore","Egfr","S","rho","rep3","m","5",2.835,5.544,0.895,2.1,7.555,"Egfr.S.rho"
"375","Ore","Egfr","S","rho","rep3","m","6",2.565,5.208,0.804,1.575,7.798,"Egfr.S.rho"
"376","Ore","Egfr","S","rho","rep3","m","7",2.271,4.84,0.855,1.95,7.356,"Egfr.S.rho"
"377","Ore","Egfr","S","rho","rep3","m","8",2.387,4.733,0.809,1.885,7.396,"Egfr.S.rho"
"378","Ore","Egfr","S","rho","rep3","m","9",2.679,5.154,0.586,2.018,8.103,"Egfr.S.rho"
"379","Ore","Egfr","S","rho","rep3","m","10",1.947,5.137,1.204,1.81,7.059,"Egfr.S.rho"
"380","Ore","Egfr","S","rho","rep4","f","1",2.799,6.232,0.942,1.541,8.251,"Egfr.S.rho"
"381","Ore","Egfr","S","rho","rep4","f","2",2.429,5.692,1.225,1.886,7.533,"Egfr.S.rho"
"382","Ore","Egfr","S","rho","rep4","f","3",2.739,5.166,0.696,1.971,7.766,"Egfr.S.rho"
"383","Ore","Egfr","S","rho","rep4","f","4",1.685,5.031,0.522,1.73,7.627,"Egfr.S.rho"
"384","Ore","Egfr","S","rho","rep4","f","5",2.755,5.421,0.694,2.024,8.123,"Egfr.S.rho"
"385","Ore","Egfr","S","rho","rep4","f","6",3.29,6.048,0.73,2.21,9.071,"Egfr.S.rho"
"386","Ore","Egfr","S","rho","rep4","f","7",3.712,5.898,0.239,2.244,8.958,"Egfr.S.rho"
"387","Ore","Egfr","S","rho","rep4","f","8",2.662,6.08,0.99,2.057,8.008,"Egfr.S.rho"
"388","Ore","Egfr","S","rho","rep4","m","1",2.397,4.962,0.837,1.986,7.621,"Egfr.S.rho"
"389","Ore","Egfr","S","rho","rep4","m","2",2.315,5.518,0.759,1.889,7.379,"Egfr.S.rho"
"390","Ore","Egfr","S","rho","rep4","m","3",2.363,5.471,0.773,1.794,7.239,"Egfr.S.rho"
"391","Ore","Egfr","S","rho","rep4","m","4",2.414,5.455,0.968,1.777,7.229,"Egfr.S.rho"
"392","Ore","Egfr","S","rho","rep4","m","5",2.244,5.819,0.811,2.036,7.702,"Egfr.S.rho"
"393","Ore","Egfr","S","rho","rep4","m","6",2.452,5.042,1.02,2.066,7.443,"Egfr.S.rho"
"394","Ore","Egfr","S","rho","rep4","m","7",2.685,4.572,0.736,1.622,7.756,"Egfr.S.rho"
"395","Ore","Egfr","Spi","rho","rep3","f","1",4.112,6.227,0.512,2.296,8.846,"Egfr.Spi.rho"
"396","Ore","Egfr","Spi","rho","rep3","f","2",3.99,6.236,0.521,2.372,9.005,"Egfr.Spi.rho"
"397","Ore","Egfr","Spi","rho","rep3","f","3",3.519,6.065,0.877,1.815,8.091,"Egfr.Spi.rho"
"398","Ore","Egfr","Spi","rho","rep3","f","4",3.956,5.653,0.341,2.321,8.586,"Egfr.Spi.rho"
"399","Ore","Egfr","Spi","rho","rep3","f","5",2.996,6.192,0.888,2.118,8.247,"Egfr.Spi.rho"
"400","Ore","Egfr","Spi","rho","rep3","f","6",3.134,6.198,0.902,1.88,8.324,"Egfr.Spi.rho"
"401","Ore","Egfr","Spi","rho","rep3","f","7",2.828,5.975,1.081,2.126,7.962,"Egfr.Spi.rho"
"402","Ore","Egfr","Spi","rho","rep3","f","8",3.377,6.185,0.643,1.929,8.254,"Egfr.Spi.rho"
"403","Ore","Egfr","Spi","rho","rep3","f","9",3.522,6.691,0.697,1.814,8.969,"Egfr.Spi.rho"
"404","Ore","Egfr","Spi","rho","rep3","f","10",3.176,6.231,0.838,2.17,8.292,"Egfr.Spi.rho"
"405","Ore","Egfr","Spi","rho","rep3","m","1",2.525,5.404,1.097,1.286,7.13,"Egfr.Spi.rho"
"406","Ore","Egfr","Spi","rho","rep3","m","2",2.32,5.478,1.771,1.816,7.247,"Egfr.Spi.rho"
"407","Ore","Egfr","Spi","rho","rep3","m","3",2.45,5.448,1.7,2.083,7.22,"Egfr.Spi.rho"
"408","Ore","Egfr","Spi","rho","rep3","m","4",2.63,5.508,0.954,1.86,7.309,"Egfr.Spi.rho"
"409","Ore","Egfr","Spi","rho","rep3","m","5",2.39,5.158,0.814,1.61,7.65,"Egfr.Spi.rho"
"410","Ore","Egfr","Spi","rho","rep3","m","6",2.471,4.986,1.005,1.327,7.175,"Egfr.Spi.rho"
"411","Ore","Egfr","Spi","rho","rep3","m","7",2.541,4.901,1.168,1.943,7.491,"Egfr.Spi.rho"
"412","Ore","Egfr","Spi","rho","rep3","m","8",2.275,4.655,3.408,1.914,6.949,"Egfr.Spi.rho"
"413","Ore","Egfr","Spi","rho","rep3","m","9",2.593,5.567,1.064,1.842,7.362,"Egfr.Spi.rho"
"414","Ore","Egfr","Spi","rho","rep3","m","10",2.298,5.426,2.379,1.804,7.158,"Egfr.Spi.rho"
"415","Ore","Egfr","Spi","rho","rep4","f","1",3.159,6.682,0.7,1.685,8.836,"Egfr.Spi.rho"
"416","Ore","Egfr","Spi","rho","rep4","f","2",3.619,6.375,0.896,1.823,8.549,"Egfr.Spi.rho"
"417","Ore","Egfr","Spi","rho","rep4","f","3",3.072,5.654,1.012,1.877,7.485,"Egfr.Spi.rho"
"418","Ore","Egfr","Spi","rho","rep4","f","4",2.864,5.962,0.828,1.86,7.934,"Egfr.Spi.rho"
"419","Ore","Egfr","Spi","rho","rep4","f","5",3.669,5.19,0.576,2.098,8.171,"Egfr.Spi.rho"
"420","Ore","Egfr","Spi","rho","rep4","f","6",3.13,6.085,0.87,2.068,8.018,"Egfr.Spi.rho"
"421","Ore","Egfr","Spi","rho","rep4","f","7",3.281,6.041,0.826,2.211,7.978,"Egfr.Spi.rho"
"422","Ore","Egfr","Spi","rho","rep4","f","8",2.897,5.348,0.897,2.167,7.855,"Egfr.Spi.rho"
"423","Ore","Egfr","Spi","rho","rep4","f","9",2.806,6.005,0.778,2.004,7.904,"Egfr.Spi.rho"
"424","Ore","Egfr","Spi","rho","rep4","f","10",2.718,6.132,1.03,2.137,8.139,"Egfr.Spi.rho"
"425","Ore","Egfr","Spi","rho","rep4","m","1",2.607,4.903,0.88,2.118,7.515,"Egfr.Spi.rho"
"426","Ore","Egfr","Spi","rho","rep4","m","2",2.689,5.747,1.139,1.807,7.576,"Egfr.Spi.rho"
"427","Ore","Egfr","Spi","rho","rep4","m","3",2.307,5.114,0.739,1.908,7.17,"Egfr.Spi.rho"
"428","Ore","Egfr","Spi","rho","rep4","m","4",2.712,5.057,1.495,2.098,7.43,"Egfr.Spi.rho"
"429","Ore","Egfr","Spi","rho","rep4","m","5",2.427,5.479,1.034,2.04,7.306,"Egfr.Spi.rho"
"430","Ore","Egfr","Spi","rho","rep4","m","6",2.388,5.255,0.743,1.466,7.477,"Egfr.Spi.rho"
"431","Ore","Egfr","Spi","rho","rep4","m","7",2.563,5.423,1.458,1.69,7.897,"Egfr.Spi.rho"
"432","Ore","Egfr","Spi","rho","rep4","m","8",2.667,5.114,0.904,1.589,7.681,"Egfr.Spi.rho"
"433","Ore","Egfr","Spi","rho","rep4","m","9",2.698,5.225,0.81,1.863,7.33,"Egfr.Spi.rho"
"434","Ore","Egfr","Spi","rho","rep4","m","10",2.379,5.748,1.184,1.869,7.562,"Egfr.Spi.rho"
"435","Ore","S","Spi","rho","rep3","f","1",2.454,5.155,2.187,2.134,7.655,"S.Spi.rho"
"436","Ore","S","Spi","rho","rep3","f","2",2.8,5.757,2.222,2.312,8.48,"S.Spi.rho"
"437","Ore","S","Spi","rho","rep3","f","3",2.94,6.024,2.877,2.166,8.049,"S.Spi.rho"
"438","Ore","S","Spi","rho","rep3","f","4",3.172,5.921,2.913,2.359,8.656,"S.Spi.rho"
"439","Ore","S","Spi","rho","rep3","f","5",3.277,5.932,1.39,2.038,8.955,"S.Spi.rho"
"440","Ore","S","Spi","rho","rep3","f","6",2.728,5.546,2.958,2.205,7.909,"S.Spi.rho"
"441","Ore","S","Spi","rho","rep3","f","7",3.056,5.743,2.205,2.656,8.791,"S.Spi.rho"
"442","Ore","S","Spi","rho","rep3","f","8",3.055,6.421,1.965,2.089,8.553,"S.Spi.rho"
"443","Ore","S","Spi","rho","rep3","f","9",2.614,5.866,3.764,2.344,7.827,"S.Spi.rho"
"444","Ore","S","Spi","rho","rep3","f","10",3.138,5.813,2.377,2.504,8.613,"S.Spi.rho"
"445","Ore","S","Spi","rho","rep3","m","1",2.462,5.379,1.745,2.181,7.888,"S.Spi.rho"
"446","Ore","S","Spi","rho","rep3","m","2",2.585,5.141,2.148,2.132,7.632,"S.Spi.rho"
"447","Ore","S","Spi","rho","rep3","m","3",2.466,5.199,3.481,2.236,7.647,"S.Spi.rho"
"448","Ore","S","Spi","rho","rep3","m","4",2.296,5.064,3.301,2.154,7.311,"S.Spi.rho"
"449","Ore","S","Spi","rho","rep3","m","5",2.306,4.827,3.175,2.034,7.138,"S.Spi.rho"
"450","Ore","S","Spi","rho","rep3","m","6",2.69,5.493,3.543,2.185,7.318,"S.Spi.rho"
"451","Ore","S","Spi","rho","rep3","m","7",2.411,4.816,2.358,2.12,7.697,"S.Spi.rho"
"452","Ore","S","Spi","rho","rep3","m","8",2.477,5.093,2.969,2.021,7.509,"S.Spi.rho"
"453","Ore","S","Spi","rho","rep3","m","9",2.085,5.081,2.708,2.199,7.557,"S.Spi.rho"
"454","Ore","S","Spi","rho","rep3","m","10",2.329,5.133,2.108,1.838,7.786,"S.Spi.rho"
"455","Ore","S","Spi","rho","rep4","f","1",3.428,5.836,1.081,2.482,8.61,"S.Spi.rho"
"456","Ore","S","Spi","rho","rep4","f","2",2.811,5.369,2.084,2.359,8.05,"S.Spi.rho"
"457","Ore","S","Spi","rho","rep4","f","3",2.851,6.15,1.981,2.458,8.902,"S.Spi.rho"
"458","Ore","S","Spi","rho","rep4","f","4",2.481,5.757,1.914,2.316,8.483,"S.Spi.rho"
"459","Ore","S","Spi","rho","rep4","f","5",2.853,6.499,2.426,2.429,8.616,"S.Spi.rho"
"460","Ore","S","Spi","rho","rep4","f","6",2.733,5.424,2.028,2.221,8.17,"S.Spi.rho"
"461","Ore","S","Spi","rho","rep4","f","7",3.129,6.414,2.746,2.453,8.558,"S.Spi.rho"
"462","Ore","S","Spi","rho","rep4","f","8",2.888,6.645,1.704,2.524,8.9,"S.Spi.rho"
"463","Ore","S","Spi","rho","rep4","f","9",3.107,5.832,1.702,2.42,8.742,"S.Spi.rho"
"464","Ore","S","Spi","rho","rep4","f","10",3.388,5.975,1.281,2.433,8.837,"S.Spi.rho"
"465","Ore","S","Spi","rho","rep4","m","1",2.124,5.239,2.78,2.052,7.564,"S.Spi.rho"
"466","Ore","S","Spi","rho","rep4","m","2",2.499,5.147,1.971,2.069,7.604,"S.Spi.rho"
"467","Ore","S","Spi","rho","rep4","m","3",2.318,4.986,2.318,2.094,7.431,"S.Spi.rho"
"468","Ore","S","Spi","rho","rep4","m","4",2.394,4.921,2.621,2.088,7.285,"S.Spi.rho"
"469","Ore","S","Spi","rho","rep4","m","5",2.362,5.083,2.927,2.005,7.373,"S.Spi.rho"
"470","Ore","S","Spi","rho","rep4","m","6",2.511,4.925,2.405,2.06,7.594,"S.Spi.rho"
"471","Ore","S","Spi","rho","rep4","m","7",2.241,4.418,2.325,1.972,7.087,"S.Spi.rho"
"472","Ore","S","Spi","rho","rep4","m","8",2.496,5.442,3.173,2.091,7.668,"S.Spi.rho"
"473","Ore","S","Spi","rho","rep4","m","9",2.382,5.387,2.56,1.925,7.619,"S.Spi.rho"
"474","Ore","S","Spi","rho","rep4","m","10",2.827,5.345,2.612,2.214,8.087,"S.Spi.rho"
"475","Sam","Egfr","wt","rho","rep1","f","1",4.038,4.876,1.336,2.564,8.916,"Egfr.wt.rho"
"476","Sam","Egfr","wt","rho","rep1","f","2",3.997,4.785,1.504,2.548,8.846,"Egfr.wt.rho"
"477","Sam","Egfr","wt","rho","rep1","f","3",3.737,4.533,1.694,2.31,8.421,"Egfr.wt.rho"
"478","Sam","Egfr","wt","rho","rep1","f","4",4.195,4.863,1.333,2.368,8.712,"Egfr.wt.rho"
"479","Sam","Egfr","wt","rho","rep1","f","5",3.877,4.958,1.265,2.481,8.846,"Egfr.wt.rho"
"480","Sam","Egfr","wt","rho","rep1","f","6",3.493,4.939,1.289,2.448,8.699,"Egfr.wt.rho"
"481","Sam","Egfr","wt","rho","rep1","f","7",4.287,4.428,1.179,2.394,8.57,"Egfr.wt.rho"
"482","Sam","Egfr","wt","rho","rep1","f","8",3.967,4.813,1.454,2.505,8.967,"Egfr.wt.rho"
"483","Sam","Egfr","wt","rho","rep1","f","9",3.947,4.701,1.621,2.499,8.887,"Egfr.wt.rho"
"484","Sam","Egfr","wt","rho","rep1","f","10",3.507,5.055,1.514,2.487,8.817,"Egfr.wt.rho"
"485","Sam","Egfr","wt","rho","rep1","m","1",3.211,4.235,0.876,2.201,8.082,"Egfr.wt.rho"
"486","Sam","Egfr","wt","rho","rep1","m","2",3.268,4.39,0.978,2.047,7.782,"Egfr.wt.rho"
"487","Sam","Egfr","wt","rho","rep1","m","3",3.286,4.496,1.293,2.022,7.898,"Egfr.wt.rho"
"488","Sam","Egfr","wt","rho","rep1","m","4",3.031,3.715,0.916,2.08,7.698,"Egfr.wt.rho"
"489","Sam","Egfr","wt","rho","rep1","m","5",2.82,3.91,1.299,1.961,7.657,"Egfr.wt.rho"
"490","Sam","Egfr","wt","rho","rep1","m","6",3.276,3.806,0.998,2.07,7.87,"Egfr.wt.rho"
"491","Sam","Egfr","wt","rho","rep1","m","7",3.108,4.442,1.514,1.972,7.769,"Egfr.wt.rho"
"492","Sam","Egfr","wt","rho","rep1","m","8",3.365,3.959,1.064,2.133,7.88,"Egfr.wt.rho"
"493","Sam","Egfr","wt","rho","rep1","m","9",2.997,4.453,1.276,2.162,7.958,"Egfr.wt.rho"
"494","Sam","Egfr","wt","rho","rep1","m","10",2.848,4.287,1.131,2.226,7.85,"Egfr.wt.rho"
"495","Sam","Egfr","wt","rho","rep2","f","1",3.828,4.34,1.059,2.315,8.574,"Egfr.wt.rho"
"496","Sam","Egfr","wt","rho","rep2","f","2",3.786,4.403,1.104,2.381,8.358,"Egfr.wt.rho"
"497","Sam","Egfr","wt","rho","rep2","f","3",3.924,4.83,1.223,2.471,8.705,"Egfr.wt.rho"
"498","Sam","Egfr","wt","rho","rep2","f","4",4.146,4.836,1.099,2.497,8.787,"Egfr.wt.rho"
"499","Sam","Egfr","wt","rho","rep2","f","5",4.126,4.291,1.329,2.386,8.767,"Egfr.wt.rho"
"500","Sam","Egfr","wt","rho","rep2","f","6",3.819,4.768,1.44,2.297,8.358,"Egfr.wt.rho"
"501","Sam","Egfr","wt","rho","rep2","f","7",3.806,4.274,1.181,2.366,8.595,"Egfr.wt.rho"
"502","Sam","Egfr","wt","rho","rep2","f","8",4.094,4.955,1.553,2.456,8.877,"Egfr.wt.rho"
"503","Sam","Egfr","wt","rho","rep2","f","9",3.843,4.478,1.354,2.68,8.978,"Egfr.wt.rho"
"504","Sam","Egfr","wt","rho","rep2","f","10",3.338,4.923,1.104,2.342,8.415,"Egfr.wt.rho"
"505","Sam","Egfr","wt","rho","rep2","m","1",2.659,3.572,0.851,2.059,7.586,"Egfr.wt.rho"
"506","Sam","Egfr","wt","rho","rep2","m","2",2.945,4.039,1.055,2.003,7.427,"Egfr.wt.rho"
"507","Sam","Egfr","wt","rho","rep2","m","3",2.676,3.757,1.119,2.102,7.626,"Egfr.wt.rho"
"508","Sam","Egfr","wt","rho","rep2","m","4",3.139,3.991,0.874,2.221,7.894,"Egfr.wt.rho"
"509","Sam","Egfr","wt","rho","rep2","m","5",2.915,4.169,1.102,2.194,7.871,"Egfr.wt.rho"
"510","Sam","Egfr","wt","rho","rep2","m","6",3.157,3.942,0.866,2.111,7.718,"Egfr.wt.rho"
"511","Sam","Egfr","wt","rho","rep2","m","7",2.906,3.801,0.891,2.108,7.49,"Egfr.wt.rho"
"512","Sam","Egfr","wt","rho","rep2","m","8",2.598,4.148,1.387,1.96,7.457,"Egfr.wt.rho"
"513","Sam","Egfr","wt","rho","rep2","m","9",2.794,3.894,0.897,2.087,7.79,"Egfr.wt.rho"
"514","Sam","Egfr","wt","rho","rep2","m","10",2.699,4.05,1.138,2.198,7.758,"Egfr.wt.rho"
"515","Sam","wt","wt","rho","rep1","f","1",3.644,4.864,2.302,2.445,8.33,"wt.wt.rho"
"516","Sam","wt","wt","rho","rep1","f","2",4.018,5.01,2.504,2.36,8.448,"wt.wt.rho"
"517","Sam","wt","wt","rho","rep1","f","3",3.992,5.059,2.672,2.421,8.576,"wt.wt.rho"
"518","Sam","wt","wt","rho","rep1","f","4",4.005,5.08,2.108,2.597,8.715,"wt.wt.rho"
"519","Sam","wt","wt","rho","rep1","f","5",3.758,4.751,2.576,2.361,8.484,"wt.wt.rho"
"520","Sam","wt","wt","rho","rep1","f","6",3.34,4.858,2.029,2.291,8.096,"wt.wt.rho"
"521","Sam","wt","wt","rho","rep1","f","7",4.494,5.218,2.319,2.5,8.724,"wt.wt.rho"
"522","Sam","wt","wt","rho","rep1","f","8",4.096,5.251,2.441,2.494,8.643,"wt.wt.rho"
"523","Sam","wt","wt","rho","rep1","f","9",3.658,4.842,2.392,2.428,8.523,"wt.wt.rho"
"524","Sam","wt","wt","rho","rep1","f","10",3.961,5.031,2.418,2.511,8.614,"wt.wt.rho"
"525","Sam","wt","wt","rho","rep1","m","1",3.041,4.334,2.154,1.997,7.538,"wt.wt.rho"
"526","Sam","wt","wt","rho","rep1","m","2",3.269,4.161,1.801,2.157,7.644,"wt.wt.rho"
"527","Sam","wt","wt","rho","rep1","m","3",2.962,4.451,2.314,2.319,7.907,"wt.wt.rho"
"528","Sam","wt","wt","rho","rep1","m","4",2.946,4.755,2.451,2.173,7.724,"wt.wt.rho"
"529","Sam","wt","wt","rho","rep1","m","5",3.03,4.612,2.478,2.142,7.572,"wt.wt.rho"
"530","Sam","wt","wt","rho","rep1","m","6",3.148,4.462,1.818,2.195,7.8,"wt.wt.rho"
"531","Sam","wt","wt","rho","rep1","m","7",3.364,4.309,2.079,2.248,7.799,"wt.wt.rho"
"532","Sam","wt","wt","rho","rep1","m","8",3.142,4.478,2.152,2.208,7.77,"wt.wt.rho"
"533","Sam","wt","wt","rho","rep1","m","9",2.868,4.191,2.378,2.087,7.412,"wt.wt.rho"
"534","Sam","wt","wt","rho","rep1","m","10",2.47,4.368,1.778,2.039,7.322,"wt.wt.rho"
"535","Sam","wt","wt","rho","rep1b","f","1",3.86,5.124,2.206,2.455,8.54,"wt.wt.rho"
"536","Sam","wt","wt","rho","rep1b","f","2",4.123,5.068,2.473,2.466,8.776,"wt.wt.rho"
"537","Sam","wt","wt","rho","rep1b","f","3",3.988,4.768,2.219,2.31,8.452,"wt.wt.rho"
"538","Sam","wt","wt","rho","rep1b","f","4",3.761,4.644,2.121,2.297,8.244,"wt.wt.rho"
"539","Sam","wt","wt","rho","rep1b","f","5",4.018,4.831,2.244,2.464,8.488,"wt.wt.rho"
"540","Sam","wt","wt","rho","rep1b","f","6",4.118,5.368,2.712,2.496,8.816,"wt.wt.rho"
"541","Sam","wt","wt","rho","rep1b","f","7",4.232,5.104,2.315,2.49,8.822,"wt.wt.rho"
"542","Sam","wt","wt","rho","rep1b","f","8",3.867,4.936,2.219,2.064,8.604,"wt.wt.rho"
"543","Sam","wt","wt","rho","rep1b","f","9",4.358,5.267,2.653,2.404,8.933,"wt.wt.rho"
"544","Sam","wt","wt","rho","rep1b","f","10",4.568,5.085,2.703,2.458,8.743,"wt.wt.rho"
"545","Sam","wt","wt","rho","rep1b","m","1",3.053,4.442,1.796,2.187,7.648,"wt.wt.rho"
"546","Sam","wt","wt","rho","rep1b","m","2",2.663,4.327,2.019,2,7.357,"wt.wt.rho"
"547","Sam","wt","wt","rho","rep1b","m","3",3.041,4.264,2.371,2.043,7.615,"wt.wt.rho"
"548","Sam","wt","wt","rho","rep1b","m","4",3.33,4.357,2.471,2.099,7.638,"wt.wt.rho"
"549","Sam","wt","wt","rho","rep1b","m","5",2.983,4.65,2.048,2.155,7.829,"wt.wt.rho"
"550","Sam","wt","wt","rho","rep1b","m","6",2.912,4.613,2.201,2.122,7.716,"wt.wt.rho"
"551","Sam","wt","wt","rho","rep1b","m","7",2.961,4.442,2.174,2.214,7.729,"wt.wt.rho"
"552","Sam","wt","wt","rho","rep1b","m","8",3.121,4.432,1.954,2.158,7.784,"wt.wt.rho"
"553","Sam","wt","wt","rho","rep1b","m","9",3.268,4.473,2.186,2.201,7.811,"wt.wt.rho"
"554","Sam","wt","wt","rho","rep1b","m","10",2.925,4.372,2.042,2.145,7.709,"wt.wt.rho"
"555","Sam","wt","wt","rho","rep2","f","1",3.9,5.335,2.46,2.663,9.033,"wt.wt.rho"
"556","Sam","wt","wt","rho","rep2","f","2",4.177,5.198,2.481,2.639,8.787,"wt.wt.rho"
"557","Sam","wt","wt","rho","rep2","f","3",3.88,5.099,2.129,2.507,8.987,"wt.wt.rho"
"558","Sam","wt","wt","rho","rep2","f","4",4.424,5.164,2.359,2.678,8.97,"wt.wt.rho"
"559","Sam","wt","wt","rho","rep2","f","5",3.768,4.946,2.042,2.324,8.372,"wt.wt.rho"
"560","Sam","wt","wt","rho","rep2","f","6",4.367,5.529,2.31,2.527,8.964,"wt.wt.rho"
"561","Sam","wt","wt","rho","rep2","f","7",3.932,5.251,2.544,2.553,8.89,"wt.wt.rho"
"562","Sam","wt","wt","rho","rep2","f","8",4.274,5.169,2.938,2.524,8.886,"wt.wt.rho"
"563","Sam","wt","wt","rho","rep2","f","9",4.282,5.036,2.271,2.581,8.555,"wt.wt.rho"
"564","Sam","wt","wt","rho","rep2","f","10",4.158,5.399,2.35,2.795,8.986,"wt.wt.rho"
"565","Sam","wt","wt","rho","rep2","m","1",3.073,4.576,2.097,2.248,8.028,"wt.wt.rho"
"566","Sam","wt","wt","rho","rep2","m","2",3.07,4.844,2.418,2.438,8.192,"wt.wt.rho"
"567","Sam","wt","wt","rho","rep2","m","3",3.15,4.397,2.147,2.201,7.935,"wt.wt.rho"
"568","Sam","wt","wt","rho","rep2","m","4",3.074,4.556,1.791,2.248,7.753,"wt.wt.rho"
"569","Sam","wt","wt","rho","rep2","m","5",3.488,4.3,2.098,2.162,7.683,"wt.wt.rho"
"570","Sam","wt","wt","rho","rep2","m","6",3.246,4.875,2.226,2.368,7.978,"wt.wt.rho"
"571","Sam","wt","wt","rho","rep2","m","7",3.63,4.705,2.435,2.284,8.028,"wt.wt.rho"
"572","Sam","wt","wt","rho","rep2","m","8",3.105,4.777,2.038,2.344,8.09,"wt.wt.rho"
"573","Sam","wt","wt","rho","rep2","m","9",3.214,4.817,2.062,2.376,8.143,"wt.wt.rho"
"574","Sam","wt","wt","rho","rep2","m","10",2.891,4.663,2.394,2.399,7.846,"wt.wt.rho"
"575","Sam","wt","wt","rho","rep2b","f","1",4.122,5.3,2.445,2.601,8.942,"wt.wt.rho"
"576","Sam","wt","wt","rho","rep2b","f","2",4.803,5.489,2.093,2.631,9.395,"wt.wt.rho"
"577","Sam","wt","wt","rho","rep2b","f","3",3.979,5.01,2.097,2.494,8.819,"wt.wt.rho"
"578","Sam","wt","wt","rho","rep2b","f","4",3.745,5.053,2.102,2.383,8.276,"wt.wt.rho"
"579","Sam","wt","wt","rho","rep2b","f","5",4.153,5.255,2.648,2.497,8.915,"wt.wt.rho"
"580","Sam","wt","wt","rho","rep2b","f","6",4.117,5.268,2.484,2.422,8.687,"wt.wt.rho"
"581","Sam","wt","wt","rho","rep2b","f","7",4.039,4.929,2.195,2.337,8.766,"wt.wt.rho"
"582","Sam","wt","wt","rho","rep2b","f","8",4.08,5.03,2.72,2.356,8.6,"wt.wt.rho"
"583","Sam","wt","wt","rho","rep2b","f","9",3.996,4.845,2.598,2.436,8.887,"wt.wt.rho"
"584","Sam","wt","wt","rho","rep2b","f","10",4.633,5.275,2.593,2.511,8.93,"wt.wt.rho"
"585","Sam","wt","wt","rho","rep2b","m","1",2.914,4.506,2.261,2.18,7.765,"wt.wt.rho"
"586","Sam","wt","wt","rho","rep2b","m","2",3.115,4.416,2.196,2.118,7.704,"wt.wt.rho"
"587","Sam","wt","wt","rho","rep2b","m","3",2.695,4.727,2.157,2.118,7.512,"wt.wt.rho"
"588","Sam","wt","wt","rho","rep2b","m","4",3.077,4.417,2.021,2.06,7.637,"wt.wt.rho"
"589","Sam","wt","wt","rho","rep2b","m","5",3.206,4.511,2.221,2.163,7.82,"wt.wt.rho"
"590","Sam","wt","wt","rho","rep2b","m","6",3.848,4.586,1.997,2.366,8.355,"wt.wt.rho"
"591","Sam","wt","wt","rho","rep2b","m","7",2.959,4.42,2.318,2.088,7.532,"wt.wt.rho"
"592","Sam","wt","wt","rho","rep2b","m","8",3.031,4.494,2.152,2.163,7.94,"wt.wt.rho"
"593","Sam","wt","wt","rho","rep2b","m","9",3.262,4.436,2.012,2.026,7.685,"wt.wt.rho"
"594","Sam","wt","wt","rho","rep2b","m","10",3.111,4.031,1.972,2.05,7.685,"wt.wt.rho"
"595","Sam","wt","wt","rho","rep3","f","1",4.133,4.688,2.37,1.997,8.178,"wt.wt.rho"
"596","Sam","wt","wt","rho","rep3","f","2",3.98,5.104,1.995,2.246,8.562,"wt.wt.rho"
"597","Sam","wt","wt","rho","rep3","f","3",3.623,4.648,2.24,2.174,7.953,"wt.wt.rho"
"598","Sam","wt","wt","rho","rep3","f","4",3.916,5.123,2.57,2.418,8.737,"wt.wt.rho"
"599","Sam","wt","wt","rho","rep3","f","5",3.755,4.452,1.982,2.252,8.515,"wt.wt.rho"
"600","Sam","wt","wt","rho","rep3","f","6",4.123,4.702,2.563,2.388,8.307,"wt.wt.rho"
"601","Sam","wt","wt","rho","rep3","f","7",4.202,5.098,2.089,2.336,8.679,"wt.wt.rho"
"602","Sam","wt","wt","rho","rep3","f","8",3.908,4.964,2.38,2.321,8.783,"wt.wt.rho"
"603","Sam","wt","wt","rho","rep3","f","9",3.497,4.814,2.413,2.292,7.967,"wt.wt.rho"
"604","Sam","wt","wt","rho","rep3","f","10",3.828,4.927,2.313,2.029,8.252,"wt.wt.rho"
"605","Sam","wt","wt","rho","rep3","m","1",2.849,4.314,2.149,1.772,7.231,"wt.wt.rho"
"606","Sam","wt","wt","rho","rep3","m","2",2.9,4.407,2.424,2.004,7.468,"wt.wt.rho"
"607","Sam","wt","wt","rho","rep3","m","3",2.876,4.756,2.28,1.888,7.533,"wt.wt.rho"
"608","Sam","wt","wt","rho","rep3","m","4",3.226,4.543,2.34,1.976,7.598,"wt.wt.rho"
"609","Sam","wt","wt","rho","rep3","m","5",3.215,4.415,1.81,1.909,7.45,"wt.wt.rho"
"610","Sam","wt","wt","rho","rep3","m","6",3.498,4.559,2.158,1.945,7.688,"wt.wt.rho"
"611","Sam","wt","wt","rho","rep3","m","7",2.669,4.034,1.999,1.822,7.066,"wt.wt.rho"
"612","Sam","wt","wt","rho","rep3","m","8",2.822,4.253,1.754,2.001,7.655,"wt.wt.rho"
"613","Sam","wt","wt","rho","rep3","m","9",3.348,4.339,2.13,1.356,7.574,"wt.wt.rho"
"614","Sam","wt","wt","rho","rep3","m","10",3.177,4.689,2.032,2.021,7.589,"wt.wt.rho"
"615","Sam","wt","wt","rho","rep4","f","1",4.413,4.988,2.215,2.379,8.554,"wt.wt.rho"
"616","Sam","wt","wt","rho","rep4","f","2",4.371,5.38,2.215,2.536,9.079,"wt.wt.rho"
"617","Sam","wt","wt","rho","rep4","f","3",4.007,4.667,2.447,2.4,8.707,"wt.wt.rho"
"618","Sam","wt","wt","rho","rep4","f","4",4.382,5.172,2.95,2.404,8.485,"wt.wt.rho"
"619","Sam","wt","wt","rho","rep4","f","5",4.131,4.956,2.097,2.32,8.538,"wt.wt.rho"
"620","Sam","wt","wt","rho","rep4","f","6",4.278,5.383,2.411,2.499,8.969,"wt.wt.rho"
"621","Sam","wt","wt","rho","rep4","f","7",4.093,4.907,2.359,1.967,8.206,"wt.wt.rho"
"622","Sam","wt","wt","rho","rep4","f","8",4.317,5.255,2.539,2.467,8.917,"wt.wt.rho"
"623","Sam","wt","wt","rho","rep4","f","9",4.175,5.082,2.481,2.258,8.497,"wt.wt.rho"
"624","Sam","wt","wt","rho","rep4","f","10",3.953,5.235,2.217,2.329,8.746,"wt.wt.rho"
"625","Sam","wt","wt","rho","rep4","m","1",3.17,4.532,2.071,2.032,7.709,"wt.wt.rho"
"626","Sam","wt","wt","rho","rep4","m","2",3.023,4.609,2.521,1.721,7.722,"wt.wt.rho"
"627","Sam","wt","wt","rho","rep4","m","3",2.849,4.55,2.266,1.963,7.575,"wt.wt.rho"
"628","Sam","wt","wt","rho","rep4","m","4",3.25,4.647,2.283,2.177,8.051,"wt.wt.rho"
"629","Sam","wt","wt","rho","rep4","m","5",2.966,4.541,2.306,1.935,7.433,"wt.wt.rho"
"630","Sam","wt","wt","rho","rep4","m","6",3.816,4.541,1.995,2.071,7.691,"wt.wt.rho"
"631","Sam","wt","wt","rho","rep4","m","7",3.263,4.364,2.12,2.042,7.527,"wt.wt.rho"
"632","Sam","wt","wt","rho","rep4","m","8",3.071,4.332,2.051,2.041,7.33,"wt.wt.rho"
"633","Sam","wt","wt","rho","rep4","m","9",2.915,4.566,2.044,1.986,7.402,"wt.wt.rho"
"634","Sam","wt","wt","rho","rep4","m","10",3.259,4.577,2.393,2.029,7.521,"wt.wt.rho"
"635","Sam","Spi","wt","rho","rep1","f","1",3.665,4.447,1.881,2.319,8.423,"Spi.wt.rho"
"636","Sam","Spi","wt","rho","rep1","f","2",3.558,4.596,2.332,2.315,8.156,"Spi.wt.rho"
"637","Sam","Spi","wt","rho","rep1","f","3",3.703,4.547,1.941,2.411,8.492,"Spi.wt.rho"
"638","Sam","Spi","wt","rho","rep1","f","4",3.733,4.323,1.952,2.389,8.444,"Spi.wt.rho"
"639","Sam","Spi","wt","rho","rep1","f","5",3.853,4.503,2.056,2.383,8.486,"Spi.wt.rho"
"640","Sam","Spi","wt","rho","rep1","f","6",3.938,4.711,2.083,2.416,8.399,"Spi.wt.rho"
"641","Sam","Spi","wt","rho","rep1","f","7",4.3,4.839,2.104,2.408,8.736,"Spi.wt.rho"
"642","Sam","Spi","wt","rho","rep1","f","8",4.112,5.096,1.936,2.393,8.583,"Spi.wt.rho"
"643","Sam","Spi","wt","rho","rep1","f","9",4.161,5.13,2.032,2.565,8.867,"Spi.wt.rho"
"644","Sam","Spi","wt","rho","rep1","f","10",4.104,4.861,1.88,2.453,8.631,"Spi.wt.rho"
"645","Sam","Spi","wt","rho","rep1","m","1",3.181,4.439,2.009,2.198,7.86,"Spi.wt.rho"
"646","Sam","Spi","wt","rho","rep1","m","2",3.154,4.171,2.002,2.203,7.897,"Spi.wt.rho"
"647","Sam","Spi","wt","rho","rep1","m","3",3.144,4.352,2.101,2.159,7.845,"Spi.wt.rho"
"648","Sam","Spi","wt","rho","rep1","m","4",3.253,4.247,2.065,2.201,7.781,"Spi.wt.rho"
"649","Sam","Spi","wt","rho","rep1","m","5",3.44,4.444,1.911,2.081,7.594,"Spi.wt.rho"
"650","Sam","Spi","wt","rho","rep1","m","6",2.737,3.915,2.045,2.136,7.53,"Spi.wt.rho"
"651","Sam","Spi","wt","rho","rep1","m","7",3.032,4.281,2.023,2.239,7.77,"Spi.wt.rho"
"652","Sam","Spi","wt","rho","rep1","m","8",2.89,4.057,1.846,2.199,7.435,"Spi.wt.rho"
"653","Sam","Spi","wt","rho","rep1","m","9",3.13,4.194,1.663,2.122,7.569,"Spi.wt.rho"
"654","Sam","Spi","wt","rho","rep1","m","10",2.838,4.244,1.871,2.225,7.766,"Spi.wt.rho"
"655","Sam","Spi","wt","rho","rep2","f","1",4.085,5.256,2.183,2.602,8.785,"Spi.wt.rho"
"656","Sam","Spi","wt","rho","rep2","f","2",3.926,4.924,2.223,2.54,8.696,"Spi.wt.rho"
"657","Sam","Spi","wt","rho","rep2","f","3",3.749,4.884,2.288,2.583,8.99,"Spi.wt.rho"
"658","Sam","Spi","wt","rho","rep2","f","4",3.736,4.496,2.287,2.381,8.649,"Spi.wt.rho"
"659","Sam","Spi","wt","rho","rep2","f","5",4.248,5.063,2.082,2.56,8.955,"Spi.wt.rho"
"660","Sam","Spi","wt","rho","rep2","f","6",3.73,5.061,2.22,2.507,8.66,"Spi.wt.rho"
"661","Sam","Spi","wt","rho","rep2","f","7",4.041,5.123,2.114,2.532,8.746,"Spi.wt.rho"
"662","Sam","Spi","wt","rho","rep2","f","8",4.31,4.968,2.004,2.574,8.684,"Spi.wt.rho"
"663","Sam","Spi","wt","rho","rep2","f","9",4.276,5.209,2.101,2.612,8.971,"Spi.wt.rho"
"664","Sam","Spi","wt","rho","rep2","f","10",4.384,5.129,2.416,2.623,8.985,"Spi.wt.rho"
"665","Sam","Spi","wt","rho","rep2","m","1",2.93,4.052,1.644,2.154,7.688,"Spi.wt.rho"
"666","Sam","Spi","wt","rho","rep2","m","2",2.855,4.072,1.591,2.121,7.625,"Spi.wt.rho"
"667","Sam","Spi","wt","rho","rep2","m","3",3.082,4.198,1.871,2.18,7.532,"Spi.wt.rho"
"668","Sam","Spi","wt","rho","rep2","m","4",3.242,4.35,2.11,2.205,7.868,"Spi.wt.rho"
"669","Sam","Spi","wt","rho","rep2","m","5",3.472,4.156,2.072,2.33,7.689,"Spi.wt.rho"
"670","Sam","Spi","wt","rho","rep2","m","7",3.228,4.072,1.772,2.2,7.656,"Spi.wt.rho"
"671","Sam","Spi","wt","rho","rep2","m","8",3.076,4.311,2.249,2.271,7.768,"Spi.wt.rho"
"672","Sam","Spi","wt","rho","rep2","m","9",3.168,4.287,2.142,2.259,7.864,"Spi.wt.rho"
"673","Sam","Spi","wt","rho","rep2","m","10",2.97,4.072,1.613,2.059,7.517,"Spi.wt.rho"
"674","Sam","Bs","wt","rho","rep1","f","1",3.684,4.974,1.948,2.862,8.657,"Bs.wt.rho"
"675","Sam","Bs","wt","rho","rep1","f","2",3.986,5.207,1.765,2.53,8.912,"Bs.wt.rho"
"676","Sam","Bs","wt","rho","rep1","f","3",3.709,4.918,2.238,2.488,8.75,"Bs.wt.rho"
"677","Sam","Bs","wt","rho","rep1","f","4",3.788,4.696,1.944,2.556,8.784,"Bs.wt.rho"
"678","Sam","Bs","wt","rho","rep1","f","5",3.986,4.925,2.04,2.548,8.825,"Bs.wt.rho"
"679","Sam","Bs","wt","rho","rep1","f","7",3.351,4.7,1.723,2.541,8.512,"Bs.wt.rho"
"680","Sam","Bs","wt","rho","rep1","f","8",3.703,4.837,1.68,2.447,8.514,"Bs.wt.rho"
"681","Sam","Bs","wt","rho","rep1","f","9",3.409,4.684,1.814,2.489,8.718,"Bs.wt.rho"
"682","Sam","Bs","wt","rho","rep1","f","10",4.163,5.097,1.888,2.632,8.796,"Bs.wt.rho"
"683","Sam","Bs","wt","rho","rep1","m","1",3.084,4.383,1.539,2.054,7.586,"Bs.wt.rho"
"684","Sam","Bs","wt","rho","rep1","m","2",2.836,3.873,1.521,2.159,7.683,"Bs.wt.rho"
"685","Sam","Bs","wt","rho","rep1","m","3",3.213,4.613,1.479,2.301,7.954,"Bs.wt.rho"
"686","Sam","Bs","wt","rho","rep1","m","4",3.229,4.709,1.67,2.307,7.912,"Bs.wt.rho"
"687","Sam","Bs","wt","rho","rep1","m","5",3.06,4.634,1.669,2.213,7.965,"Bs.wt.rho"
"688","Sam","Bs","wt","rho","rep1","m","6",3.096,4.595,1.671,2.257,7.994,"Bs.wt.rho"
"689","Sam","Bs","wt","rho","rep1","m","7",3.36,4.541,1.687,2.183,7.907,"Bs.wt.rho"
"690","Sam","Bs","wt","rho","rep1","m","8",3.111,4.358,1.958,2.216,7.831,"Bs.wt.rho"
"691","Sam","Bs","wt","rho","rep1","m","9",2.936,4.179,1.553,2.084,7.42,"Bs.wt.rho"
"692","Sam","Bs","wt","rho","rep1","m","10",3.114,4.159,1.553,2.21,7.614,"Bs.wt.rho"
"693","Sam","Bs","wt","rho","rep2","f","1",3.543,4.758,1.791,2.485,8.712,"Bs.wt.rho"
"694","Sam","Bs","wt","rho","rep2","f","2",3.48,4.824,1.658,2.539,8.42,"Bs.wt.rho"
"695","Sam","Bs","wt","rho","rep2","f","3",3.569,4.442,1.78,2.364,8.512,"Bs.wt.rho"
"696","Sam","Bs","wt","rho","rep2","f","4",3.699,4.574,1.469,2.398,8.542,"Bs.wt.rho"
"697","Sam","Bs","wt","rho","rep2","f","5",3.686,5.36,1.921,2.623,8.829,"Bs.wt.rho"
"698","Sam","Bs","wt","rho","rep2","f","6",3.918,5.031,2.15,2.443,8.76,"Bs.wt.rho"
"699","Sam","Bs","wt","rho","rep2","f","7",4.008,4.438,1.865,2.568,8.68,"Bs.wt.rho"
"700","Sam","Bs","wt","rho","rep2","f","8",3.218,4.55,1.754,2.373,8.24,"Bs.wt.rho"
"701","Sam","Bs","wt","rho","rep2","f","9",3.442,4.829,1.66,2.359,8.455,"Bs.wt.rho"
"702","Sam","Bs","wt","rho","rep2","f","10",3.524,4.566,1.931,2.73,8.272,"Bs.wt.rho"
"703","Sam","Bs","wt","rho","rep2","m","1",2.849,4.359,1.444,2.085,7.564,"Bs.wt.rho"
"704","Sam","Bs","wt","rho","rep2","m","2",3.234,4.313,1.506,2.102,7.795,"Bs.wt.rho"
"705","Sam","Bs","wt","rho","rep2","m","3",3.031,4.376,1.64,2.308,7.821,"Bs.wt.rho"
"706","Sam","Bs","wt","rho","rep2","m","4",2.855,4.122,1.358,2.19,7.652,"Bs.wt.rho"
"707","Sam","Bs","wt","rho","rep2","m","5",2.807,4.059,1.513,2.118,7.641,"Bs.wt.rho"
"708","Sam","Bs","wt","rho","rep2","m","6",3.114,4.248,1.791,2.136,7.654,"Bs.wt.rho"
"709","Sam","Bs","wt","rho","rep2","m","7",2.87,4.091,1.473,2.208,7.691,"Bs.wt.rho"
"710","Sam","Bs","wt","rho","rep2","m","8",2.864,4.476,1.579,2.092,7.383,"Bs.wt.rho"
"711","Sam","Bs","wt","rho","rep2","m","9",2.762,4.293,1.785,2.106,7.55,"Bs.wt.rho"
"712","Sam","Bs","wt","rho","rep2","m","10",2.862,4.159,1.569,2.117,7.485,"Bs.wt.rho"
"713","Sam","S","wt","rho","rep1","f","1",3.434,5.015,2.559,2.486,8.25,"S.wt.rho"
"714","Sam","S","wt","rho","rep1","f","2",4.572,5.257,2.775,2.791,9.026,"S.wt.rho"
"715","Sam","S","wt","rho","rep1","f","3",4.127,4.775,2.217,2.173,9.064,"S.wt.rho"
"716","Sam","S","wt","rho","rep1","f","4",4.695,5.393,2.414,2.674,9.157,"S.wt.rho"
"717","Sam","S","wt","rho","rep1","f","5",4.183,5.39,2.471,2.626,8.944,"S.wt.rho"
"718","Sam","S","wt","rho","rep1","f","6",3.723,4.874,2.546,2.276,8.285,"S.wt.rho"
"719","Sam","S","wt","rho","rep1","f","7",3.986,5.234,2.53,2.512,8.559,"S.wt.rho"
"720","Sam","S","wt","rho","rep1","f","8",4.266,4.774,2.043,2.619,8.925,"S.wt.rho"
"721","Sam","S","wt","rho","rep1","f","9",3.95,5.09,2.372,2.591,8.859,"S.wt.rho"
"722","Sam","S","wt","rho","rep1","f","10",3.787,5.3,2.263,2.551,8.834,"S.wt.rho"
"723","Sam","S","wt","rho","rep1","m","1",3.125,4.192,1.95,2.208,7.86,"S.wt.rho"
"724","Sam","S","wt","rho","rep1","m","2",2.953,4.545,1.783,2.188,7.924,"S.wt.rho"
"725","Sam","S","wt","rho","rep1","m","3",2.922,4.62,2.136,2.17,7.64,"S.wt.rho"
"726","Sam","S","wt","rho","rep1","m","4",3.054,4.537,1.991,2.251,8.022,"S.wt.rho"
"727","Sam","S","wt","rho","rep1","m","5",3.113,4.275,1.647,2.159,7.75,"S.wt.rho"
"728","Sam","S","wt","rho","rep1","m","6",3.1,4.286,1.816,2.132,7.669,"S.wt.rho"
"729","Sam","S","wt","rho","rep1","m","7",2.79,4.386,1.868,2.17,7.781,"S.wt.rho"
"730","Sam","S","wt","rho","rep1","m","8",2.693,4.204,1.858,2.049,7.202,"S.wt.rho"
"731","Sam","S","wt","rho","rep1","m","9",2.943,4.183,1.385,2.052,7.709,"S.wt.rho"
"732","Sam","S","wt","rho","rep1","m","10",2.915,4.649,1.667,2.247,7.886,"S.wt.rho"
"733","Sam","S","wt","rho","rep2","f","2",4.247,5.034,2.366,2.471,8.767,"S.wt.rho"
"734","Sam","S","wt","rho","rep2","f","3",4.07,4.944,2.081,2.339,8.162,"S.wt.rho"
"735","Sam","S","wt","rho","rep2","f","4",3.804,4.887,2.108,2.466,8.541,"S.wt.rho"
"736","Sam","S","wt","rho","rep2","f","5",3.707,4.804,1.829,2.392,8.098,"S.wt.rho"
"737","Sam","S","wt","rho","rep2","f","6",3.761,5.099,2.107,2.503,8.367,"S.wt.rho"
"738","Sam","S","wt","rho","rep2","f","7",3.573,5.163,1.933,2.597,8.6,"S.wt.rho"
"739","Sam","S","wt","rho","rep2","f","8",3.54,5.017,2.739,2.306,8.436,"S.wt.rho"
"740","Sam","S","wt","rho","rep2","f","9",3.464,4.615,2.19,2.245,7.964,"S.wt.rho"
"741","Sam","S","wt","rho","rep2","f","10",3.969,5.054,2.218,2.328,8.688,"S.wt.rho"
"742","Sam","S","wt","rho","rep2","m","1",2.866,4.382,2.186,2.327,7.797,"S.wt.rho"
"743","Sam","S","wt","rho","rep2","m","2",2.904,4.44,1.857,2.081,7.41,"S.wt.rho"
"744","Sam","S","wt","rho","rep2","m","3",2.74,4.42,1.768,2.101,7.32,"S.wt.rho"
"745","Sam","S","wt","rho","rep2","m","4",2.896,4.3,2.211,2.147,7.485,"S.wt.rho"
"746","Sam","S","wt","rho","rep2","m","5",2.722,4.264,2.186,2.239,7.429,"S.wt.rho"
"747","Sam","S","wt","rho","rep2","m","6",2.87,4.368,2.067,2.153,7.633,"S.wt.rho"
"748","Sam","S","wt","rho","rep2","m","7",3.442,4.557,2.093,2.231,7.914,"S.wt.rho"
"749","Sam","S","wt","rho","rep2","m","8",2.816,4.547,1.801,2.084,7.392,"S.wt.rho"
"750","Sam","S","wt","rho","rep2","m","9",3.232,4.499,2.061,2.193,7.678,"S.wt.rho"
"751","Sam","S","wt","rho","rep2","m","10",2.693,4.538,2.019,2.147,7.403,"S.wt.rho"
"752","Sam","Aos","wt","rho","rep1","f","1",4.547,5.216,2.555,2.485,8.631,"Aos.wt.rho"
"753","Sam","Aos","wt","rho","rep1","f","2",4.155,5.182,2.726,2.49,8.551,"Aos.wt.rho"
"754","Sam","Aos","wt","rho","rep1","f","3",4.484,5.22,2.572,2.481,8.628,"Aos.wt.rho"
"755","Sam","Aos","wt","rho","rep1","f","4",4.416,5.134,2.326,2.355,8.349,"Aos.wt.rho"
"756","Sam","Aos","wt","rho","rep1","f","5",4.313,5.332,2.515,2.537,8.568,"Aos.wt.rho"
"757","Sam","Aos","wt","rho","rep1","f","6",4.32,5.188,2.717,2.593,8.643,"Aos.wt.rho"
"758","Sam","Aos","wt","rho","rep1","f","7",4.656,5.238,2.613,2.518,8.922,"Aos.wt.rho"
"759","Sam","Aos","wt","rho","rep1","f","8",4.534,5.316,2.579,2.696,8.853,"Aos.wt.rho"
"760","Sam","Aos","wt","rho","rep1","f","9",4.391,5.206,2.422,2.337,8.445,"Aos.wt.rho"
"761","Sam","Aos","wt","rho","rep1","f","10",4.372,5.382,2.675,2.493,8.686,"Aos.wt.rho"
"762","Sam","Aos","wt","rho","rep1","m","1",3.827,4.418,2.277,2.207,7.53,"Aos.wt.rho"
"763","Sam","Aos","wt","rho","rep1","m","2",3.551,4.435,2.27,2.222,7.841,"Aos.wt.rho"
"764","Sam","Aos","wt","rho","rep1","m","3",3.583,4.644,2.388,2.203,7.918,"Aos.wt.rho"
"765","Sam","Aos","wt","rho","rep1","m","4",3.791,4.475,2.527,2.183,7.694,"Aos.wt.rho"
"766","Sam","Aos","wt","rho","rep1","m","5",3.312,4.69,2.217,2.27,7.793,"Aos.wt.rho"
"767","Sam","Aos","wt","rho","rep1","m","6",3.795,4.543,2.46,2.162,7.514,"Aos.wt.rho"
"768","Sam","Aos","wt","rho","rep1","m","7",3.539,4.644,2.321,2.253,7.808,"Aos.wt.rho"
"769","Sam","Aos","wt","rho","rep1","m","8",3.497,4.366,2.261,2.217,7.744,"Aos.wt.rho"
"770","Sam","Aos","wt","rho","rep1","m","9",3.234,4.669,2.588,2.179,7.856,"Aos.wt.rho"
"771","Sam","Aos","wt","rho","rep1","m","10",3.826,4.666,2.394,2.197,7.861,"Aos.wt.rho"
"772","Sam","Aos","wt","rho","rep2","f","1",4.746,5.222,2.396,2.572,9.012,"Aos.wt.rho"
"773","Sam","Aos","wt","rho","rep2","f","2",4.542,5.619,2.374,2.655,9.198,"Aos.wt.rho"
"774","Sam","Aos","wt","rho","rep2","f","3",4.761,5.483,2.775,2.49,8.75,"Aos.wt.rho"
"775","Sam","Aos","wt","rho","rep2","f","4",4.631,5.294,2.633,2.513,8.907,"Aos.wt.rho"
"776","Sam","Aos","wt","rho","rep2","f","5",4.309,5.158,2.198,2.503,8.675,"Aos.wt.rho"
"777","Sam","Aos","wt","rho","rep2","f","6",4.084,4.95,2.414,2.328,8.355,"Aos.wt.rho"
"778","Sam","Aos","wt","rho","rep2","f","7",4.061,5.066,2.347,2.442,8.509,"Aos.wt.rho"
"779","Sam","Aos","wt","rho","rep2","f","8",4.028,5.253,2.628,2.422,8.443,"Aos.wt.rho"
"780","Sam","Aos","wt","rho","rep2","f","9",4.214,5.449,2.513,2.409,8.584,"Aos.wt.rho"
"781","Sam","Aos","wt","rho","rep2","f","10",4.808,5.387,2.414,2.749,9.108,"Aos.wt.rho"
"782","Sam","Aos","wt","rho","rep2","m","1",3.199,4.789,2.353,2.13,7.808,"Aos.wt.rho"
"783","Sam","Aos","wt","rho","rep2","m","2",3.297,4.543,2.365,2.049,7.488,"Aos.wt.rho"
"784","Sam","Aos","wt","rho","rep2","m","3",3.078,4.695,2.18,2.344,8.09,"Aos.wt.rho"
"785","Sam","Aos","wt","rho","rep2","m","4",3.532,4.643,2.267,2.29,8.093,"Aos.wt.rho"
"786","Sam","Aos","wt","rho","rep2","m","5",3.103,4.315,1.921,2.147,7.458,"Aos.wt.rho"
"787","Sam","Aos","wt","rho","rep2","m","6",3.647,4.513,2.393,2.298,7.846,"Aos.wt.rho"
"788","Sam","Aos","wt","rho","rep2","m","7",2.992,4.492,2.424,2.124,7.53,"Aos.wt.rho"
"789","Sam","Aos","wt","rho","rep2","m","8",3.421,4.832,2.555,2.346,8.098,"Aos.wt.rho"
"790","Sam","Aos","wt","rho","rep2","m","9",3.502,4.675,2.457,2.326,8.093,"Aos.wt.rho"
"791","Sam","Aos","wt","rho","rep2","m","10",3.435,4.653,2.648,2.227,7.987,"Aos.wt.rho"
"792","Sam","Bs","S","rho","rep1","f","1",3.3,4.099,1.754,2.219,7.894,"Bs.S.rho"
"793","Sam","Bs","S","rho","rep1","f","2",3.274,4.657,1.632,2.335,8.499,"Bs.S.rho"
"794","Sam","Bs","S","rho","rep1","f","3",3.394,4.377,1.552,2.22,8.054,"Bs.S.rho"
"795","Sam","Bs","S","rho","rep1","f","4",3.298,4.321,1.436,2.18,8.145,"Bs.S.rho"
"796","Sam","Bs","S","rho","rep1","f","5",3.047,4.141,1.374,2.227,7.746,"Bs.S.rho"
"797","Sam","Bs","S","rho","rep1","f","6",3.729,4.486,1.691,2.174,8.111,"Bs.S.rho"
"798","Sam","Bs","S","rho","rep1","f","7",3.511,4.58,1.51,2.547,8.513,"Bs.S.rho"
"799","Sam","Bs","S","rho","rep1","f","8",3.5,4.504,1.475,2.666,8.364,"Bs.S.rho"
"800","Sam","Bs","S","rho","rep1","f","9",3.604,4.218,1.436,2.38,8.247,"Bs.S.rho"
"801","Sam","Bs","S","rho","rep1","f","10",3.481,4.482,1.948,2.233,7.946,"Bs.S.rho"
"802","Sam","Bs","S","rho","rep1","m","1",2.841,4.08,1.476,2.071,7.553,"Bs.S.rho"
"803","Sam","Bs","S","rho","rep1","m","2",2.671,4.084,1.475,2.076,7.29,"Bs.S.rho"
"804","Sam","Bs","S","rho","rep1","m","3",2.616,4.2,1.527,2.04,7.149,"Bs.S.rho"
"805","Sam","Bs","S","rho","rep1","m","4",2.625,3.761,1.303,1.921,7.392,"Bs.S.rho"
"806","Sam","Bs","S","rho","rep1","m","5",2.614,3.788,1.658,1.907,7.008,"Bs.S.rho"
"807","Sam","Bs","S","rho","rep1","m","6",2.471,3.84,1.159,1.957,7.214,"Bs.S.rho"
"808","Sam","Bs","S","rho","rep1","m","7",2.815,4.223,1.597,2.032,7.438,"Bs.S.rho"
"809","Sam","Bs","S","rho","rep1","m","8",2.631,3.818,1.484,1.99,7.385,"Bs.S.rho"
"810","Sam","Bs","S","rho","rep1","m","9",2.53,4.094,1.399,2.021,7.432,"Bs.S.rho"
"811","Sam","Bs","S","rho","rep1","m","10",2.784,4.041,1.474,1.922,7.235,"Bs.S.rho"
"812","Sam","Bs","S","rho","rep2","f","1",3.567,4.601,1.633,2.28,8.053,"Bs.S.rho"
"813","Sam","Bs","S","rho","rep2","f","2",3.229,4.767,1.68,2.176,8.26,"Bs.S.rho"
"814","Sam","Bs","S","rho","rep2","f","3",2.969,3.891,1.566,1.909,7.445,"Bs.S.rho"
"815","Sam","Bs","S","rho","rep2","f","4",2.742,3.973,1.484,1.922,7.292,"Bs.S.rho"
"816","Sam","Bs","S","rho","rep2","f","5",3.121,4.502,1.703,2.186,8.103,"Bs.S.rho"
"817","Sam","Bs","S","rho","rep2","f","6",3.713,4.544,1.727,2.306,8.379,"Bs.S.rho"
"818","Sam","Bs","S","rho","rep2","f","7",3.487,4.795,1.827,2.37,8.545,"Bs.S.rho"
"819","Sam","Bs","S","rho","rep2","f","8",3.329,4.314,1.857,2.295,8.296,"Bs.S.rho"
"820","Sam","Bs","S","rho","rep2","f","9",3.264,4.389,1.794,2.166,8.064,"Bs.S.rho"
"821","Sam","Bs","S","rho","rep2","f","10",3.157,4.746,1.667,2.279,8.382,"Bs.S.rho"
"822","Sam","Bs","S","rho","rep2","m","1",2.923,4.184,1.557,2.05,7.557,"Bs.S.rho"
"823","Sam","Bs","S","rho","rep2","m","2",2.412,4.08,1.418,2.033,7.225,"Bs.S.rho"
"824","Sam","Bs","S","rho","rep2","m","3",2.865,4.033,1.234,1.891,7.305,"Bs.S.rho"
"825","Sam","Bs","S","rho","rep2","m","4",2.729,4.402,1.656,1.958,7.254,"Bs.S.rho"
"826","Sam","Bs","S","rho","rep2","m","5",2.835,4.098,1.252,2.008,7.659,"Bs.S.rho"
"827","Sam","Bs","S","rho","rep2","m","6",2.775,4.411,1.294,1.978,7.385,"Bs.S.rho"
"828","Sam","Bs","S","rho","rep2","m","7",2.729,3.989,1.316,1.906,7.322,"Bs.S.rho"
"829","Sam","Bs","S","rho","rep2","m","8",2.415,3.941,1.424,1.84,6.953,"Bs.S.rho"
"830","Sam","Bs","S","rho","rep2","m","9",2.873,4.279,1.542,1.972,7.492,"Bs.S.rho"
"831","Sam","Bs","S","rho","rep2","m","10",2.386,3.561,1.781,1.698,6.296,"Bs.S.rho"
"832","Sam","Bs","Spi","rho","rep1","f","1",3.309,4.125,1.704,2.212,7.858,"Bs.Spi.rho"
"833","Sam","Bs","Spi","rho","rep1","f","2",3.4,4.092,1.691,2.105,7.662,"Bs.Spi.rho"
"834","Sam","Bs","Spi","rho","rep1","f","3",3.376,4.376,1.55,2.073,7.766,"Bs.Spi.rho"
"835","Sam","Bs","Spi","rho","rep1","f","4",3.072,4.527,1.624,2.226,8.202,"Bs.Spi.rho"
"836","Sam","Bs","Spi","rho","rep1","f","5",2.675,4.105,1.675,2.165,7.896,"Bs.Spi.rho"
"837","Sam","Bs","Spi","rho","rep1","f","6",3.51,4.379,1.896,2.262,8.342,"Bs.Spi.rho"
"838","Sam","Bs","Spi","rho","rep1","f","7",3.214,4.29,1.482,2.061,7.78,"Bs.Spi.rho"
"839","Sam","Bs","Spi","rho","rep1","f","8",2.9,3.967,1.545,2.127,7.642,"Bs.Spi.rho"
"840","Sam","Bs","Spi","rho","rep1","f","9",2.932,4.071,1.345,1.98,7.602,"Bs.Spi.rho"
"841","Sam","Bs","Spi","rho","rep1","f","10",3.394,4.169,1.476,2.026,7.635,"Bs.Spi.rho"
"842","Sam","Bs","Spi","rho","rep1","m","1",2.643,3.926,1.291,2.023,7.402,"Bs.Spi.rho"
"843","Sam","Bs","Spi","rho","rep1","m","2",2.564,3.638,1.38,1.95,7.136,"Bs.Spi.rho"
"844","Sam","Bs","Spi","rho","rep1","m","3",2.736,3.66,1.439,1.882,7.033,"Bs.Spi.rho"
"845","Sam","Bs","Spi","rho","rep1","m","4",2.486,3.706,1.502,1.747,7.022,"Bs.Spi.rho"
"846","Sam","Bs","Spi","rho","rep1","m","5",2.763,3.979,1.233,1.949,7.352,"Bs.Spi.rho"
"847","Sam","Bs","Spi","rho","rep1","m","6",2.295,3.774,1.556,1.857,6.556,"Bs.Spi.rho"
"848","Sam","Bs","Spi","rho","rep1","m","7",2.528,3.564,1.627,1.89,7.046,"Bs.Spi.rho"
"849","Sam","Bs","Spi","rho","rep1","m","8",3.039,3.869,1.309,2.023,7.295,"Bs.Spi.rho"
"850","Sam","Bs","Spi","rho","rep1","m","9",2.455,3.827,1.533,1.897,6.992,"Bs.Spi.rho"
"851","Sam","Bs","Spi","rho","rep1","m","10",2.918,4.054,1.357,2.024,7.317,"Bs.Spi.rho"
"852","Sam","Bs","Spi","rho","rep2","f","1",3.298,4.375,1.642,2.167,7.897,"Bs.Spi.rho"
"853","Sam","Bs","Spi","rho","rep2","f","2",3.826,4.446,1.641,2.476,8.661,"Bs.Spi.rho"
"854","Sam","Bs","Spi","rho","rep2","f","3",3.154,4.387,1.671,2.187,8.035,"Bs.Spi.rho"
"855","Sam","Bs","Spi","rho","rep2","f","4",3.189,4.347,1.488,2.24,8.122,"Bs.Spi.rho"
"856","Sam","Bs","Spi","rho","rep2","f","5",3.085,4.139,1.894,2.211,8.057,"Bs.Spi.rho"
"857","Sam","Bs","Spi","rho","rep2","f","6",3.818,4.316,1.823,2.326,8.264,"Bs.Spi.rho"
"858","Sam","Bs","Spi","rho","rep2","f","7",3.62,4.554,1.976,2.221,8.348,"Bs.Spi.rho"
"859","Sam","Bs","Spi","rho","rep2","f","8",3.059,4.365,1.466,2.157,8.003,"Bs.Spi.rho"
"860","Sam","Bs","Spi","rho","rep2","f","9",3.484,4.534,1.63,2.318,8.402,"Bs.Spi.rho"
"861","Sam","Bs","Spi","rho","rep2","f","10",2.776,4.23,2.186,2.083,7.877,"Bs.Spi.rho"
"862","Sam","Bs","Spi","rho","rep2","m","1",2.737,4.084,1.653,1.94,7.285,"Bs.Spi.rho"
"863","Sam","Bs","Spi","rho","rep2","m","2",2.604,3.892,1.55,1.919,7.091,"Bs.Spi.rho"
"864","Sam","Bs","Spi","rho","rep2","m","3",2.899,3.807,1.188,1.974,7.28,"Bs.Spi.rho"
"865","Sam","Bs","Spi","rho","rep2","m","4",2.582,4.043,1.685,1.97,7.315,"Bs.Spi.rho"
"866","Sam","Bs","Spi","rho","rep2","m","5",2.619,4.043,1.54,1.927,7.411,"Bs.Spi.rho"
"867","Sam","Bs","Spi","rho","rep2","m","6",2.4,3.868,1.58,1.948,7.2,"Bs.Spi.rho"
"868","Sam","Bs","Spi","rho","rep2","m","7",2.511,3.803,1.444,2.004,7.39,"Bs.Spi.rho"
"869","Sam","Bs","Spi","rho","rep2","m","8",2.706,3.85,1.472,1.847,7.079,"Bs.Spi.rho"
"870","Sam","Bs","Spi","rho","rep2","m","9",2.536,3.81,1.173,1.895,7.193,"Bs.Spi.rho"
"871","Sam","Bs","Spi","rho","rep2","m","10",2.988,4.096,1.527,2.107,7.689,"Bs.Spi.rho"
"872","Sam","Egfr","Bs","rho","rep1","f","1",3.387,4.29,1.496,2.199,8.126,"Egfr.Bs.rho"
"873","Sam","Egfr","Bs","rho","rep1","f","2",3.013,4.105,1.754,2.418,8.072,"Egfr.Bs.rho"
"874","Sam","Egfr","Bs","rho","rep1","f","3",3.472,4.295,1.266,2.279,8.264,"Egfr.Bs.rho"
"875","Sam","Egfr","Bs","rho","rep1","f","4",3.24,4.229,1.366,2.287,8.092,"Egfr.Bs.rho"
"876","Sam","Egfr","Bs","rho","rep1","f","5",3.766,4.328,1.443,2.356,8.099,"Egfr.Bs.rho"
"877","Sam","Egfr","Bs","rho","rep1","f","6",3.534,4.459,1.408,2.1,7.837,"Egfr.Bs.rho"
"878","Sam","Egfr","Bs","rho","rep1","f","7",3.536,4.36,1.647,2.252,8.243,"Egfr.Bs.rho"
"879","Sam","Egfr","Bs","rho","rep1","f","8",3.003,4.096,1.405,2.084,7.694,"Egfr.Bs.rho"
"880","Sam","Egfr","Bs","rho","rep1","f","9",3.114,4.406,1.404,2.211,7.945,"Egfr.Bs.rho"
"881","Sam","Egfr","Bs","rho","rep1","f","10",2.823,4.568,1.499,2.285,8.205,"Egfr.Bs.rho"
"882","Sam","Egfr","Bs","rho","rep1","m","1",3.028,4.167,1.189,1.971,7.526,"Egfr.Bs.rho"
"883","Sam","Egfr","Bs","rho","rep1","m","2",2.999,3.851,1.026,2.014,7.493,"Egfr.Bs.rho"
"884","Sam","Egfr","Bs","rho","rep1","m","3",2.803,4.012,1.394,1.991,7.324,"Egfr.Bs.rho"
"885","Sam","Egfr","Bs","rho","rep1","m","4",2.685,3.797,1.362,1.793,6.624,"Egfr.Bs.rho"
"886","Sam","Egfr","Bs","rho","rep1","m","5",2.599,3.729,0.971,1.748,7.002,"Egfr.Bs.rho"
"887","Sam","Egfr","Bs","rho","rep1","m","6",3.014,3.727,0.993,1.854,7.229,"Egfr.Bs.rho"
"888","Sam","Egfr","Bs","rho","rep1","m","7",2.724,3.827,1.102,1.904,7.087,"Egfr.Bs.rho"
"889","Sam","Egfr","Bs","rho","rep1","m","8",2.81,3.974,1.249,1.956,7.205,"Egfr.Bs.rho"
"890","Sam","Egfr","Bs","rho","rep1","m","9",2.863,3.944,1.121,1.969,7.611,"Egfr.Bs.rho"
"891","Sam","Egfr","Bs","rho","rep1","m","10",2.7,4.25,1.203,1.927,7.432,"Egfr.Bs.rho"
"892","Sam","Egfr","Bs","rho","rep2","f","1",3.708,4.953,1.51,2.135,8.396,"Egfr.Bs.rho"
"893","Sam","Egfr","Bs","rho","rep2","f","2",4.025,4.785,1.177,2.163,8.311,"Egfr.Bs.rho"
"894","Sam","Egfr","Bs","rho","rep2","f","3",3.744,4.414,1.402,2.111,8.184,"Egfr.Bs.rho"
"895","Sam","Egfr","Bs","rho","rep2","f","4",3.581,4.388,1.23,2.237,8.208,"Egfr.Bs.rho"
"896","Sam","Egfr","Bs","rho","rep2","f","5",3.436,4.4,1.878,2.154,8.264,"Egfr.Bs.rho"
"897","Sam","Egfr","Bs","rho","rep2","f","6",3.295,4.267,1.529,2.175,8.317,"Egfr.Bs.rho"
"898","Sam","Egfr","Bs","rho","rep2","f","7",3.414,4.466,1.418,2.121,7.847,"Egfr.Bs.rho"
"899","Sam","Egfr","Bs","rho","rep2","f","8",3.414,4.332,1.436,2.206,8.434,"Egfr.Bs.rho"
"900","Sam","Egfr","Bs","rho","rep2","f","9",3.431,4.101,1.213,2.113,7.798,"Egfr.Bs.rho"
"901","Sam","Egfr","Bs","rho","rep2","f","10",3.389,4.618,1.577,2.259,8.459,"Egfr.Bs.rho"
"902","Sam","Egfr","Bs","rho","rep2","m","1",3.089,4.235,1.373,2.065,7.622,"Egfr.Bs.rho"
"903","Sam","Egfr","Bs","rho","rep2","m","2",2.77,4.09,1.241,1.972,7.514,"Egfr.Bs.rho"
"904","Sam","Egfr","Bs","rho","rep2","m","3",2.56,4.149,1.424,1.986,7.427,"Egfr.Bs.rho"
"905","Sam","Egfr","Bs","rho","rep2","m","4",3.031,4.199,1.193,2.008,7.54,"Egfr.Bs.rho"
"906","Sam","Egfr","Bs","rho","rep2","m","5",2.702,3.556,1.286,1.801,6.952,"Egfr.Bs.rho"
"907","Sam","Egfr","Bs","rho","rep2","m","6",2.976,4.14,1.377,1.725,7.111,"Egfr.Bs.rho"
"908","Sam","Egfr","Bs","rho","rep2","m","7",2.745,4.412,1.108,1.947,7.56,"Egfr.Bs.rho"
"909","Sam","Egfr","Bs","rho","rep2","m","8",2.5,3.867,1.321,2.13,6.961,"Egfr.Bs.rho"
"910","Sam","Egfr","Bs","rho","rep2","m","9",2.926,4.008,1.385,2.118,7.675,"Egfr.Bs.rho"
"911","Sam","Egfr","Bs","rho","rep2","m","10",3.151,4.282,1.131,2.002,7.56,"Egfr.Bs.rho"
"912","Sam","Egfr","S","rho","rep1","f","1",4.041,5.18,1.094,1.633,8.541,"Egfr.S.rho"
"913","Sam","Egfr","S","rho","rep1","f","2",3.021,4.4,1.295,1.829,8.332,"Egfr.S.rho"
"914","Sam","Egfr","S","rho","rep1","f","3",3.23,4.524,1.215,2.175,8.084,"Egfr.S.rho"
"915","Sam","Egfr","S","rho","rep1","f","4",3.719,4.08,1.374,2.177,8.356,"Egfr.S.rho"
"916","Sam","Egfr","S","rho","rep1","f","5",2.946,4.608,1.119,1.489,8.148,"Egfr.S.rho"
"917","Sam","Egfr","S","rho","rep1","f","6",3.176,4.278,1.01,1.8,8.35,"Egfr.S.rho"
"918","Sam","Egfr","S","rho","rep1","f","7",3.388,4.669,1.181,2.137,8.094,"Egfr.S.rho"
"919","Sam","Egfr","S","rho","rep1","f","8",3.374,4.527,1.086,1.976,8.204,"Egfr.S.rho"
"920","Sam","Egfr","S","rho","rep1","f","9",3.042,4.528,1.354,1.931,7.511,"Egfr.S.rho"
"921","Sam","Egfr","S","rho","rep1","f","10",3.627,4.238,1.242,1.705,8.036,"Egfr.S.rho"
"922","Sam","Egfr","S","rho","rep1","m","1",3.086,3.76,1.091,1.464,7.272,"Egfr.S.rho"
"923","Sam","Egfr","S","rho","rep1","m","2",2.635,4.128,1.181,1.623,7.298,"Egfr.S.rho"
"924","Sam","Egfr","S","rho","rep1","m","3",2.608,3.567,1.183,1.671,7.009,"Egfr.S.rho"
"925","Sam","Egfr","S","rho","rep1","m","4",2.661,3.708,0.897,1.18,7.181,"Egfr.S.rho"
"926","Sam","Egfr","S","rho","rep1","m","5",2.811,3.697,1.117,1.139,7.415,"Egfr.S.rho"
"927","Sam","Egfr","S","rho","rep1","m","6",2.526,3.878,0.908,1.37,6.68,"Egfr.S.rho"
"928","Sam","Egfr","S","rho","rep1","m","7",2.499,3.905,1.036,1.554,7.202,"Egfr.S.rho"
"929","Sam","Egfr","S","rho","rep1","m","8",2.445,3.37,1.149,1.476,7.237,"Egfr.S.rho"
"930","Sam","Egfr","S","rho","rep1","m","9",2.792,3.497,0.882,1.663,7.469,"Egfr.S.rho"
"931","Sam","Egfr","S","rho","rep1","m","10",2.857,3.705,1.045,1.748,7.33,"Egfr.S.rho"
"932","Sam","Egfr","S","rho","rep2","f","1",3.799,4.723,1.103,2.451,8.943,"Egfr.S.rho"
"933","Sam","Egfr","S","rho","rep2","f","2",3.39,4.05,1.327,2.207,7.959,"Egfr.S.rho"
"934","Sam","Egfr","S","rho","rep2","f","3",3.601,5.209,1.344,2.359,8.86,"Egfr.S.rho"
"935","Sam","Egfr","S","rho","rep2","f","4",3.564,4.88,1.132,1.683,8.442,"Egfr.S.rho"
"936","Sam","Egfr","S","rho","rep2","f","5",3.428,4.755,1.593,2.337,8.429,"Egfr.S.rho"
"937","Sam","Egfr","S","rho","rep2","f","6",3.633,4.692,1.098,2.076,8.766,"Egfr.S.rho"
"938","Sam","Egfr","S","rho","rep2","f","7",3.772,4.785,0.852,2.222,8.673,"Egfr.S.rho"
"939","Sam","Egfr","S","rho","rep2","f","8",3.135,4.676,1.169,2.212,8.23,"Egfr.S.rho"
"940","Sam","Egfr","S","rho","rep2","f","9",3.461,4.472,1.478,2.133,8.171,"Egfr.S.rho"
"941","Sam","Egfr","S","rho","rep2","f","10",3.56,4.743,1.286,1.733,8.16,"Egfr.S.rho"
"942","Sam","Egfr","S","rho","rep2","m","1",2.635,3.794,1.044,1.975,7.311,"Egfr.S.rho"
"943","Sam","Egfr","S","rho","rep2","m","2",2.965,3.961,1.082,1.511,7.59,"Egfr.S.rho"
"944","Sam","Egfr","S","rho","rep2","m","3",2.889,4.091,1.109,1.464,7.597,"Egfr.S.rho"
"945","Sam","Egfr","S","rho","rep2","m","4",3.227,3.764,1.265,2.082,7.747,"Egfr.S.rho"
"946","Sam","Egfr","S","rho","rep2","m","5",2.573,4.273,1.059,1.742,7.274,"Egfr.S.rho"
"947","Sam","Egfr","S","rho","rep2","m","6",2.559,4.216,1.2,1.722,7.38,"Egfr.S.rho"
"948","Sam","Egfr","S","rho","rep2","m","7",2.673,4.18,0.88,1.907,7.093,"Egfr.S.rho"
"949","Sam","Egfr","S","rho","rep2","m","8",2.803,4.139,1.036,1.963,7.219,"Egfr.S.rho"
"950","Sam","Egfr","S","rho","rep2","m","9",2.89,4.441,1.214,1.778,7.531,"Egfr.S.rho"
"951","Sam","Egfr","S","rho","rep2","m","10",2.857,3.952,1.085,1.672,7.189,"Egfr.S.rho"
"952","Sam","Egfr","Spi","rho","rep1","f","1",3.599,3.942,0.949,1.956,7.613,"Egfr.Spi.rho"
"953","Sam","Egfr","Spi","rho","rep1","f","2",3.472,4.504,0.968,2.17,8.322,"Egfr.Spi.rho"
"954","Sam","Egfr","Spi","rho","rep1","f","3",3.713,4.22,1.056,2.085,7.964,"Egfr.Spi.rho"
"955","Sam","Egfr","Spi","rho","rep1","f","4",3.353,3.963,0.953,2.003,7.772,"Egfr.Spi.rho"
"956","Sam","Egfr","Spi","rho","rep1","f","5",3.441,4.251,1.125,1.788,8.223,"Egfr.Spi.rho"
"957","Sam","Egfr","Spi","rho","rep1","f","6",3.186,3.95,1.077,1.848,7.336,"Egfr.Spi.rho"
"958","Sam","Egfr","Spi","rho","rep1","f","7",3.46,3.965,0.918,2.006,7.79,"Egfr.Spi.rho"
"959","Sam","Egfr","Spi","rho","rep1","f","8",3.491,3.838,0.811,1.958,7.857,"Egfr.Spi.rho"
"960","Sam","Egfr","Spi","rho","rep1","f","9",3.267,3.893,0.938,1.761,7.595,"Egfr.Spi.rho"
"961","Sam","Egfr","Spi","rho","rep1","f","10",4.084,4.121,1.132,2.237,8.419,"Egfr.Spi.rho"
"962","Sam","Egfr","Spi","rho","rep1","m","1",2.563,3.568,0.985,1.59,6.937,"Egfr.Spi.rho"
"963","Sam","Egfr","Spi","rho","rep1","m","2",2.628,3.843,1.077,1.572,6.993,"Egfr.Spi.rho"
"964","Sam","Egfr","Spi","rho","rep1","m","3",2.519,3.536,0.901,1.593,7.05,"Egfr.Spi.rho"
"965","Sam","Egfr","Spi","rho","rep1","m","4",2.809,3.427,1.022,1.854,7.026,"Egfr.Spi.rho"
"966","Sam","Egfr","Spi","rho","rep1","m","5",2.909,3.271,0.899,1.593,7.152,"Egfr.Spi.rho"
"967","Sam","Egfr","Spi","rho","rep1","m","6",2.609,3.462,0.933,1.84,6.843,"Egfr.Spi.rho"
"968","Sam","Egfr","Spi","rho","rep1","m","7",2.94,3.565,1.072,1.852,6.883,"Egfr.Spi.rho"
"969","Sam","Egfr","Spi","rho","rep1","m","8",2.757,3.338,1.035,1.81,6.953,"Egfr.Spi.rho"
"970","Sam","Egfr","Spi","rho","rep1","m","9",2.66,3.482,0.926,1.753,6.997,"Egfr.Spi.rho"
"971","Sam","Egfr","Spi","rho","rep1","m","10",2.749,3.82,1.022,1.525,7.177,"Egfr.Spi.rho"
"972","Sam","Egfr","Spi","rho","rep2","f","1",3.532,3.738,1.137,2.005,7.778,"Egfr.Spi.rho"
"973","Sam","Egfr","Spi","rho","rep2","f","2",3.82,4.281,1.148,2.137,8.471,"Egfr.Spi.rho"
"974","Sam","Egfr","Spi","rho","rep2","f","3",3.418,4.474,1.396,2.068,8.273,"Egfr.Spi.rho"
"975","Sam","Egfr","Spi","rho","rep2","f","4",3.834,4.675,1.203,2.41,8.728,"Egfr.Spi.rho"
"976","Sam","Egfr","Spi","rho","rep2","f","5",3.392,3.933,1.559,1.997,7.85,"Egfr.Spi.rho"
"977","Sam","Egfr","Spi","rho","rep2","f","6",3.413,3.9,1.51,1.867,8.205,"Egfr.Spi.rho"
"978","Sam","Egfr","Spi","rho","rep2","f","7",3.648,4.343,1.129,2.042,7.999,"Egfr.Spi.rho"
"979","Sam","Egfr","Spi","rho","rep2","f","8",3.913,4.095,1.094,2.056,8.548,"Egfr.Spi.rho"
"980","Sam","Egfr","Spi","rho","rep2","f","9",3.618,4.097,1.242,2.067,8.2,"Egfr.Spi.rho"
"981","Sam","Egfr","Spi","rho","rep2","f","10",3.456,4.31,0.923,1.856,8.209,"Egfr.Spi.rho"
"982","Sam","Egfr","Spi","rho","rep2","m","1",2.629,3.882,1.072,1.914,7.245,"Egfr.Spi.rho"
"983","Sam","Egfr","Spi","rho","rep2","m","2",2.776,3.972,1.048,1.698,7.436,"Egfr.Spi.rho"
"984","Sam","Egfr","Spi","rho","rep2","m","3",2.672,3.711,1.212,2.061,7.502,"Egfr.Spi.rho"
"985","Sam","Egfr","Spi","rho","rep2","m","4",2.987,4.073,1.036,1.434,7.438,"Egfr.Spi.rho"
"986","Sam","Egfr","Spi","rho","rep2","m","5",2.749,3.796,1.129,1.507,7.073,"Egfr.Spi.rho"
"987","Sam","Egfr","Spi","rho","rep2","m","6",2.846,3.795,1.26,1.947,7.223,"Egfr.Spi.rho"
"988","Sam","Egfr","Spi","rho","rep2","m","7",2.64,3.529,1.015,1.785,7.319,"Egfr.Spi.rho"
"989","Sam","Egfr","Spi","rho","rep2","m","8",2.996,3.795,0.95,1.736,7.655,"Egfr.Spi.rho"
"990","Sam","Egfr","Spi","rho","rep2","m","9",2.917,3.854,0.933,1.586,7.506,"Egfr.Spi.rho"
"991","Sam","Egfr","Spi","rho","rep2","m","10",3.296,3.57,0.906,2.074,7.652,"Egfr.Spi.rho"
"992","Sam","S","Spi","rho","rep1","f","1",3.485,4.375,1.612,2.322,8.116,"S.Spi.rho"
"993","Sam","S","Spi","rho","rep1","f","2",3.096,4.493,2.082,2.172,7.644,"S.Spi.rho"
"994","Sam","S","Spi","rho","rep1","f","3",3.56,4.752,1.931,2.388,8.303,"S.Spi.rho"
"995","Sam","S","Spi","rho","rep1","f","4",3.401,4.691,1.935,1.989,8.302,"S.Spi.rho"
"996","Sam","S","Spi","rho","rep1","f","5",3.36,4.513,1.787,1.948,8.377,"S.Spi.rho"
"997","Sam","S","Spi","rho","rep1","f","6",3.412,4.99,1.618,2.331,8.207,"S.Spi.rho"
"998","Sam","S","Spi","rho","rep1","f","7",3.41,4.439,1.692,2.14,7.847,"S.Spi.rho"
"999","Sam","S","Spi","rho","rep1","f","8",3.572,4.414,1.696,1.854,8.156,"S.Spi.rho"
"1000","Sam","S","Spi","rho","rep1","f","9",3.909,4.365,1.497,1.89,8.315,"S.Spi.rho"
"1001","Sam","S","Spi","rho","rep1","f","10",3.8,4.897,1.723,2.335,8.689,"S.Spi.rho"
"1002","Sam","S","Spi","rho","rep1","m","1",2.631,3.79,1.57,1.934,7.084,"S.Spi.rho"
"1003","Sam","S","Spi","rho","rep1","m","2",2.566,4.028,1.776,1.882,6.963,"S.Spi.rho"
"1004","Sam","S","Spi","rho","rep1","m","3",2.683,3.61,1.658,1.787,6.846,"S.Spi.rho"
"1005","Sam","S","Spi","rho","rep1","m","4",2.744,3.995,1.388,1.703,7.128,"S.Spi.rho"
"1006","Sam","S","Spi","rho","rep1","m","5",2.736,3.854,1.8,2.001,7.223,"S.Spi.rho"
"1007","Sam","S","Spi","rho","rep1","m","6",2.688,3.702,1.501,1.957,6.92,"S.Spi.rho"
"1008","Sam","S","Spi","rho","rep1","m","7",2.415,3.387,1.637,1.768,6.577,"S.Spi.rho"
"1009","Sam","S","Spi","rho","rep1","m","8",2.557,4.134,1.459,1.32,7.176,"S.Spi.rho"
"1010","Sam","S","Spi","rho","rep1","m","9",2.558,3.901,1.38,1.945,7.088,"S.Spi.rho"
"1011","Sam","S","Spi","rho","rep1","m","10",2.578,3.648,1.89,1.174,6.684,"S.Spi.rho"
"1012","Sam","S","Spi","rho","rep2","f","1",3.697,4.668,2.09,2.253,8.46,"S.Spi.rho"
"1013","Sam","S","Spi","rho","rep2","f","2",3.806,4.66,1.965,2.267,8.174,"S.Spi.rho"
"1014","Sam","S","Spi","rho","rep2","f","3",3.863,4.689,1.98,2.298,8.383,"S.Spi.rho"
"1015","Sam","S","Spi","rho","rep2","f","4",3.526,4.732,1.977,2.481,8.375,"S.Spi.rho"
"1016","Sam","S","Spi","rho","rep2","f","5",3.367,4.895,1.814,1.877,8.532,"S.Spi.rho"
"1017","Sam","S","Spi","rho","rep2","f","6",3.863,4.524,1.956,2.233,8.21,"S.Spi.rho"
"1018","Sam","S","Spi","rho","rep2","f","7",3.658,4.473,1.717,2.299,8.32,"S.Spi.rho"
"1019","Sam","S","Spi","rho","rep2","f","8",3.814,4.657,1.824,2.293,8.357,"S.Spi.rho"
"1020","Sam","S","Spi","rho","rep2","f","9",3.357,4.463,1.952,2.112,8.24,"S.Spi.rho"
"1021","Sam","S","Spi","rho","rep2","f","10",4.131,4.906,1.88,2.335,8.634,"S.Spi.rho"
"1022","Sam","S","Spi","rho","rep2","m","1",2.681,4.302,1.942,1.599,7.39,"S.Spi.rho"
"1023","Sam","S","Spi","rho","rep2","m","2",2.784,4.19,1.847,2.084,7.52,"S.Spi.rho"
"1024","Sam","S","Spi","rho","rep2","m","3",2.676,3.942,1.711,1.702,7.205,"S.Spi.rho"
"1025","Sam","S","Spi","rho","rep2","m","4",3.098,4.273,1.303,2.163,7.659,"S.Spi.rho"
"1026","Sam","S","Spi","rho","rep2","m","5",2.504,3.889,1.676,1.302,7.067,"S.Spi.rho"
"1027","Sam","S","Spi","rho","rep2","m","6",2.985,4.008,1.784,1.695,7.538,"S.Spi.rho"
"1028","Sam","S","Spi","rho","rep2","m","7",2.71,4.019,1.387,1.548,7.569,"S.Spi.rho"
"1029","Sam","S","Spi","rho","rep2","m","8",2.808,3.994,1.945,1.453,7.142,"S.Spi.rho"
"1030","Sam","S","Spi","rho","rep2","m","9",2.594,4.058,1.645,2.02,7.272,"S.Spi.rho"
"1031","Sam","S","Spi","rho","rep2","m","10",2.709,3.937,1.74,1.491,7.101,"S.Spi.rho"
